Sample Name, AUS25x23_8G
Freq, 8, GHz, Power, 10, dBm
SR850: f = 25 Hz; phase = 96 deg; output = 5 V; sens. = 50 uV; tc = 300 ms; 12dB/oct
Time,Field,X,Y,R,theta
s,Oe,V,V,V,deg
3.720000E-5,-6.583000E+2,-1.750340E-5,1.117590E-7,1.750353E-5,-1.797805E+2,
1.364931E-1,-6.586000E+2,-1.757040E-5,-3.650800E-7,1.757419E-5,-1.788097E+2,
3.359973E-1,-6.581000E+2,-1.779770E-5,-3.799810E-7,1.780176E-5,-1.787769E+2,
5.353937E-1,-6.517000E+2,-1.791130E-5,-2.235190E-8,1.791131E-5,-1.799285E+2,
7.358864E-1,-6.425000E+2,-1.805470E-5,-5.215430E-8,1.805478E-5,-1.798345E+2,
9.364376E-1,-6.214000E+2,-1.825780E-5,-6.519300E-8,1.825792E-5,-1.797954E+2,
1.135803E+0,-6.088000E+2,-1.800440E-5,-8.009420E-8,1.800458E-5,-1.797451E+2,
1.335331E+0,-5.962000E+2,-1.777350E-5,1.788150E-7,1.777440E-5,1.794236E+2,
1.535794E+0,-5.615000E+2,-1.741210E-5,6.482040E-7,1.742416E-5,1.778680E+2,
1.736250E+0,-5.472000E+2,-1.718490E-5,6.929080E-7,1.719886E-5,1.776910E+2,
1.736250E+0,-5.472000E+2,-1.718490E-5,6.929080E-7,1.696582E-5,1.789935E+2,
2.135192E+0,-4.969000E+2,-1.713830E-5,6.519300E-8,1.713842E-5,1.797821E+2,
2.336611E+0,-4.668000E+2,-1.780700E-5,2.644970E-7,1.780896E-5,1.791490E+2,
2.536058E+0,-4.538000E+2,-1.807340E-5,2.365570E-7,1.807495E-5,1.792501E+2,
2.736570E+0,-4.402000E+2,-1.828940E-5,1.862650E-7,1.829035E-5,1.794165E+2,
2.935980E+0,-4.116000E+2,-1.849430E-5,2.328320E-7,1.849577E-5,1.792787E+2,
3.136499E+0,-4.006000E+2,-1.843470E-5,1.546000E-7,1.843535E-5,1.795195E+2,
3.336945E+0,-3.783000E+2,-1.860610E-5,-1.546000E-7,1.860674E-5,-1.795239E+2,
3.535449E+0,-3.683000E+2,-1.860610E-5,-1.546000E-7,1.893786E-5,-1.797013E+2,
3.736921E+0,-3.494000E+2,-1.928780E-5,-8.754480E-8,1.928800E-5,-1.797399E+2,
3.936328E+0,-3.399000E+2,-1.971060E-5,-2.011670E-7,1.971163E-5,-1.794153E+2,
4.135778E+0,-3.282000E+2,-2.009430E-5,-2.607710E-8,2.009432E-5,-1.799256E+2,
4.335270E+0,-3.110000E+2,-2.015770E-5,-2.719480E-7,2.015953E-5,-1.792271E+2,
4.335270E+0,-3.110000E+2,-2.015770E-5,-2.719480E-7,2.023451E-5,-1.791350E+2,
4.736200E+0,-2.824000E+2,-2.064380E-5,-2.607710E-8,2.064382E-5,-1.799276E+2,
4.935691E+0,-2.718000E+2,-2.070340E-5,-1.080340E-7,2.070368E-5,-1.797010E+2,
5.136121E+0,-2.520000E+2,-2.076490E-5,8.754480E-8,2.076508E-5,1.797584E+2,
5.336639E+0,-2.416000E+2,-2.040540E-5,1.862660E-8,2.040541E-5,1.799477E+2,
5.535081E+0,-2.192000E+2,-1.997330E-5,1.583260E-7,1.997393E-5,1.795458E+2,
5.736507E+0,-2.080000E+2,-1.962120E-5,1.508750E-7,1.962178E-5,1.795594E+2,
5.935024E+0,-1.955000E+2,-1.917790E-5,2.738110E-7,1.917985E-5,1.791820E+2,
6.136474E+0,-1.747000E+2,-1.828570E-5,1.080340E-7,1.828602E-5,1.796615E+2,
6.335934E+0,-1.651000E+2,-1.811430E-5,5.029160E-8,1.811437E-5,1.798409E+2,
6.535410E+0,-1.552000E+2,-1.810500E-5,2.719480E-7,1.810704E-5,1.791395E+2,
6.736895E+0,-1.288000E+2,-1.754810E-5,4.749760E-7,1.755453E-5,1.784496E+2,
6.935338E+0,-1.199000E+2,-1.712160E-5,3.334150E-7,1.712485E-5,1.788844E+2,
6.935338E+0,-1.199000E+2,-1.712160E-5,3.334150E-7,1.652003E-5,1.787660E+2,
7.336321E+0,-9.020000E+1,-1.622000E-5,4.433110E-7,1.622606E-5,1.784344E+2,
7.536699E+0,-7.740000E+1,-1.594060E-5,1.899910E-7,1.594173E-5,1.793171E+2,
7.736211E+0,-5.790000E+1,-1.502230E-5,1.937160E-7,1.502355E-5,1.792612E+2,
7.935674E+0,-4.550000E+1,-1.419340E-5,-5.215430E-8,1.419350E-5,-1.797895E+2,
8.135115E+0,-2.520000E+1,-1.221340E-5,-1.750900E-7,1.221465E-5,-1.791787E+2,
8.336587E+0,-1.520000E+1,-1.102690E-5,-5.587960E-8,1.102704E-5,-1.797097E+2,
8.535064E+0,4.800000E+0,-7.854830E-6,6.519300E-8,7.855101E-6,1.795245E+2,
8.735481E+0,1.530000E+1,-7.854830E-6,6.519300E-8,6.071524E-6,1.788926E+2,
8.936994E+0,2.590000E+1,-3.427280E-6,4.656640E-8,3.427596E-6,1.792216E+2,
9.136492E+0,4.770000E+1,1.486400E-6,-1.024460E-7,1.489926E-6,-3.942718E+0,
9.336923E+0,5.890000E+1,3.669430E-6,-3.781190E-7,3.688860E-6,-5.883319E+0,
9.535362E+0,7.830000E+1,6.688790E-6,-6.817320E-7,6.723442E-6,-5.819580E+0,
9.736848E+0,8.910000E+1,8.052270E-6,-6.053630E-7,8.074993E-6,-4.299362E+0,
9.936281E+0,1.090000E+2,1.033220E-5,-2.328320E-7,1.033482E-5,-1.290919E+0,
9.936281E+0,1.090000E+2,1.033220E-5,-2.328320E-7,1.121889E-5,2.283060E-1,
1.033525E+1,1.412000E+2,1.244440E-5,1.247980E-7,1.244503E-5,5.745684E-1,
1.053668E+1,1.524000E+2,1.302370E-5,4.097840E-8,1.302376E-5,1.802776E-1,
1.073520E+1,1.720000E+2,1.393080E-5,3.017500E-7,1.393407E-5,1.240869E+0,
1.093568E+1,1.827000E+2,1.433870E-5,2.849870E-7,1.434153E-5,1.138625E+0,
1.113610E+1,1.917000E+2,1.477640E-5,1.415620E-7,1.477708E-5,5.488926E-1,
1.133658E+1,2.158000E+2,1.529430E-5,2.495960E-7,1.529634E-5,9.349580E-1,
1.153503E+1,2.246000E+2,1.574510E-5,2.048920E-7,1.574643E-5,7.455516E-1,
1.173549E+1,2.457000E+2,1.657210E-5,3.725320E-9,1.657210E-5,1.287979E-2,
1.193603E+1,2.546000E+2,1.698560E-5,-1.136220E-7,1.698598E-5,-3.832637E-1,
1.213540E+1,2.655000E+2,1.747920E-5,-3.408660E-7,1.748252E-5,-1.117197E+0,
1.233684E+1,2.876000E+2,1.873830E-5,-2.048920E-7,1.873942E-5,-6.264698E-1,
1.253540E+1,2.987000E+2,1.914250E-5,-7.078100E-8,1.914263E-5,-2.118550E-1,
1.273584E+1,3.174000E+2,1.983170E-5,7.450630E-8,1.983184E-5,2.152552E-1,
1.293531E+1,3.280000E+2,2.002360E-5,3.725310E-8,2.002363E-5,1.065964E-1,
1.313573E+1,3.504000E+2,2.012970E-5,4.284110E-8,2.012975E-5,1.219397E-1,
1.333528E+1,3.631000E+2,2.001420E-5,6.891830E-8,2.001432E-5,1.972955E-1,
1.353671E+1,3.744000E+2,1.983730E-5,-2.235190E-8,1.983731E-5,-6.455864E-2,
1.373617E+1,3.958000E+2,1.947970E-5,-2.980250E-7,1.948198E-5,-8.765147E-1,
1.393663E+1,4.071000E+2,1.931200E-5,-3.557670E-7,1.931528E-5,-1.055387E+0,
1.413605E+1,4.265000E+2,1.877560E-5,-3.408660E-7,1.877869E-5,-1.040075E+0,
1.433552E+1,4.380000E+2,1.869550E-5,-2.291060E-7,1.869690E-5,-7.021021E-1,
1.453503E+1,4.573000E+2,1.839750E-5,1.695020E-7,1.839828E-5,5.278693E-1,
1.473647E+1,4.685000E+2,1.825590E-5,5.345830E-7,1.826373E-5,1.677299E+0,
1.493593E+1,4.881000E+2,1.797090E-5,7.450620E-7,1.798634E-5,2.374087E+0,
1.513538E+1,4.989000E+2,1.795040E-5,4.973300E-7,1.795729E-5,1.587019E+0,
1.533689E+1,5.079000E+2,1.798400E-5,2.533220E-7,1.798578E-5,8.070130E-1,
1.553533E+1,5.319000E+2,1.792060E-5,7.078100E-8,1.792074E-5,2.263000E-1,
1.573581E+1,5.411000E+2,1.779400E-5,-1.508750E-7,1.779464E-5,-4.857982E-1,
1.593628E+1,5.652000E+2,1.768590E-5,-4.880170E-7,1.769263E-5,-1.580594E+0,
1.613674E+1,5.743000E+2,1.756110E-5,-7.171220E-7,1.757574E-5,-2.338421E+0,
1.633622E+1,5.865000E+2,1.744570E-5,-7.785890E-7,1.746307E-5,-2.555374E+0,
1.653564E+1,5.979000E+2,1.749220E-5,-8.307430E-7,1.751192E-5,-2.719059E+0,
1.673510E+1,6.197000E+2,1.807900E-5,-5.886000E-7,1.808858E-5,-1.864726E+0,
1.693661E+1,6.305000E+2,1.834720E-5,-3.874320E-7,1.835129E-5,-1.209717E+0,
1.713511E+1,6.532000E+2,1.823730E-5,-4.805660E-7,1.824363E-5,-1.509436E+0,
1.733548E+1,6.632000E+2,1.829320E-5,-3.501790E-7,1.829655E-5,-1.096655E+0,
1.753508E+1,6.746000E+2,1.848310E-5,-2.421460E-7,1.848469E-5,-7.505857E-1,
1.773551E+1,6.993000E+2,1.840490E-5,-2.384200E-7,1.840644E-5,-7.421771E-1,
1.793688E+1,7.106000E+2,1.835090E-5,-1.136220E-7,1.835125E-5,-3.547498E-1,
1.813639E+1,7.302000E+2,1.850920E-5,-1.303860E-8,1.850920E-5,-4.036137E-2,
1.833686E+1,7.416000E+2,1.886130E-5,-1.415620E-7,1.886183E-5,-4.300209E-1,
1.853630E+1,7.512000E+2,1.915000E-5,-3.799810E-7,1.915377E-5,-1.136734E+0,
1.873679E+1,7.746000E+2,1.929150E-5,-2.048920E-7,1.929259E-5,-6.085066E-1,
1.893524E+1,7.850000E+2,1.941260E-5,-3.911580E-8,1.941264E-5,-1.154491E-1,
1.913672E+1,8.076000E+2,1.980560E-5,-1.434250E-7,1.980612E-5,-4.149081E-1,
1.933619E+1,8.189000E+2,1.987270E-5,-2.644970E-7,1.987446E-5,-7.625369E-1,
1.953665E+1,8.281000E+2,2.004030E-5,-2.663600E-7,2.004207E-5,-7.614859E-1,
1.973509E+1,8.524000E+2,2.073140E-5,2.793980E-8,2.073142E-5,7.721773E-2,
1.993557E+1,8.621000E+2,2.105550E-5,1.862660E-9,2.105550E-5,5.068631E-3,
2.013505E+1,8.861000E+2,2.157700E-5,5.960510E-8,2.157708E-5,1.582756E-1,
2.033552E+1,8.968000E+2,2.178000E-5,2.458710E-7,2.178139E-5,6.467756E-1,
2.053599E+1,9.092000E+2,2.205570E-5,1.788150E-7,2.205642E-5,4.645112E-1,
2.073644E+1,9.311000E+2,2.225690E-5,-1.415620E-7,2.225735E-5,-3.644171E-1,
2.093591E+1,9.435000E+2,2.219170E-5,-6.519300E-8,2.219180E-5,-1.683185E-1,
2.113638E+1,9.543000E+2,2.232760E-5,-2.607710E-8,2.232762E-5,-6.691750E-2,
2.133681E+1,9.748000E+2,2.237230E-5,-9.685800E-8,2.237251E-5,-2.480532E-1,
2.153629E+1,9.851000E+2,2.249340E-5,5.960510E-8,2.249348E-5,1.518273E-1,
2.173577E+1,1.009100E+3,2.246360E-5,2.551840E-7,2.246505E-5,6.508457E-1,
2.193523E+1,1.019600E+3,2.214510E-5,1.788150E-7,2.214582E-5,4.626361E-1,
2.213663E+1,1.019600E+3,2.214510E-5,1.788150E-7,2.133923E-5,-4.401130E-1,
2.233520E+1,1.051300E+3,2.086730E-5,-2.477340E-7,2.086877E-5,-6.801765E-1,
2.253567E+1,1.071300E+3,1.990620E-5,-3.799810E-7,1.990983E-5,-1.093562E+0,
2.273511E+1,1.081800E+3,1.912760E-5,-2.197930E-7,1.912886E-5,-6.583501E-1,
2.293552E+1,1.102700E+3,1.717180E-5,6.146770E-8,1.717191E-5,2.050935E-1,
2.313598E+1,1.116900E+3,1.580090E-5,8.940740E-8,1.580115E-5,3.241975E-1,
2.333550E+1,1.128000E+3,1.445980E-5,3.725320E-9,1.445980E-5,1.476128E-2,
2.353594E+1,1.149000E+3,1.125970E-5,2.011670E-7,1.126150E-5,1.023544E+0,
2.373639E+1,1.159700E+3,9.721200E-6,4.600750E-7,9.732081E-6,2.709614E+0,
2.393587E+1,1.180900E+3,6.124410E-6,2.216560E-7,6.128420E-6,2.072757E+0,
2.413637E+1,1.190800E+3,6.124410E-6,2.216560E-7,4.053791E-6,-1.026791E+0,
2.433580E+1,1.214200E+3,-1.918530E-7,1.154840E-7,2.239288E-7,1.489546E+2,
2.453529E+1,1.224800E+3,-2.121570E-6,-1.601880E-7,2.127609E-6,-1.756821E+2,
2.473574E+1,1.236900E+3,-4.058730E-6,-4.861540E-7,4.087742E-6,-1.731697E+2,
2.493526E+1,1.258400E+3,-7.087390E-6,-6.351660E-7,7.115795E-6,-1.748789E+2,
2.513669E+1,1.267500E+3,-8.475090E-6,-7.469240E-7,8.507940E-6,-1.749634E+2,
2.533515E+1,1.289100E+3,-1.098040E-5,-7.376110E-7,1.100515E-5,-1.761569E+2,
2.553657E+1,1.298300E+3,-1.224140E-5,-8.940730E-7,1.227401E-5,-1.758227E+2,
2.573506E+1,1.320000E+3,-1.426790E-5,-9.909340E-7,1.430227E-5,-1.760271E+2,
2.593552E+1,1.329400E+3,-1.497570E-5,-9.350520E-7,1.500486E-5,-1.764272E+2,
2.613601E+1,1.350800E+3,-1.616790E-5,-7.301610E-7,1.618438E-5,-1.774142E+2,
2.633540E+1,1.360900E+3,-1.688690E-5,-4.917420E-7,1.689406E-5,-1.783320E+2,
2.653692E+1,1.385100E+3,-1.808080E-5,-4.246850E-7,1.808579E-5,-1.786545E+2,
2.673538E+1,1.394300E+3,-1.868430E-5,-2.626350E-7,1.868615E-5,-1.791947E+2,
2.693586E+1,1.405600E+3,-1.897120E-5,-2.868490E-7,1.897337E-5,-1.791337E+2,
2.713628E+1,1.424900E+3,-1.928590E-5,-4.395860E-7,1.929091E-5,-1.786943E+2,
2.733679E+1,1.436200E+3,-1.950760E-5,-3.222390E-7,1.951026E-5,-1.790536E+2,
2.753622E+1,1.455300E+3,-2.004590E-5,-7.040840E-7,2.005826E-5,-1.779884E+2,
2.773573E+1,1.466300E+3,-2.047620E-5,-6.314400E-7,2.048593E-5,-1.782337E+2,
2.793625E+1,1.485600E+3,-2.048360E-5,-5.867370E-7,2.049200E-5,-1.783593E+2,
2.813570E+1,1.496200E+3,-2.024330E-5,-4.414490E-7,2.024811E-5,-1.787507E+2,
2.833612E+1,1.515900E+3,-2.049480E-5,-5.215430E-8,2.049487E-5,-1.798542E+2,
2.853658E+1,1.525900E+3,-2.061030E-5,-1.918530E-7,2.061119E-5,-1.794667E+2,
2.873502E+1,1.546300E+3,-2.032900E-5,-6.910450E-7,2.034074E-5,-1.780531E+2,
2.893654E+1,1.546300E+3,-2.032900E-5,-6.910450E-7,2.014301E-5,-1.779173E+2,
2.913595E+1,1.578600E+3,-2.001240E-5,-6.649680E-7,2.002344E-5,-1.780969E+2,
2.933544E+1,1.588900E+3,-1.977210E-5,-7.543750E-7,1.978649E-5,-1.778150E+2,
2.953692E+1,1.609100E+3,-1.968080E-5,-5.364450E-7,1.968811E-5,-1.784387E+2,
2.973535E+1,1.619000E+3,-1.957090E-5,-6.780060E-7,1.958264E-5,-1.780159E+2,
2.993581E+1,1.639700E+3,-1.954300E-5,-6.854570E-7,1.955502E-5,-1.779912E+2,
3.013529E+1,1.649000E+3,-1.925430E-5,-7.450620E-7,1.926871E-5,-1.777840E+2,
3.033570E+1,1.670100E+3,-1.888360E-5,-5.029180E-7,1.889030E-5,-1.784744E+2,
3.053631E+1,1.679100E+3,-1.852780E-5,-6.686930E-7,1.853986E-5,-1.779330E+2,
3.073567E+1,1.691400E+3,-1.820930E-5,-7.823150E-7,1.822610E-5,-1.775400E+2,
3.093514E+1,1.712200E+3,-1.823350E-5,-5.569350E-7,1.824200E-5,-1.782505E+2,
3.113563E+1,1.724300E+3,-1.809390E-5,-5.345830E-7,1.810180E-5,-1.783077E+2,
3.133510E+1,1.735000E+3,-1.809390E-5,-3.017500E-7,1.809642E-5,-1.790446E+2,
3.153558E+1,1.757100E+3,-1.763380E-5,-6.258520E-7,1.764490E-5,-1.779673E+2,
3.173599E+1,1.767000E+3,-1.749220E-5,-5.848740E-7,1.750198E-5,-1.780850E+2,
3.193548E+1,1.790100E+3,-1.780510E-5,-3.967450E-7,1.780952E-5,-1.787235E+2,
3.213692E+1,1.799300E+3,-1.776420E-5,-6.742810E-7,1.777699E-5,-1.778263E+2,
3.233538E+1,1.810500E+3,-1.773440E-5,-6.519290E-7,1.774638E-5,-1.778947E+2,
3.253689E+1,1.832000E+3,-1.753130E-5,-5.122310E-7,1.753878E-5,-1.783264E+2,
3.273539E+1,1.842800E+3,-1.726870E-5,-4.861540E-7,1.727554E-5,-1.783874E+2,
3.293582E+1,1.862000E+3,-1.674160E-5,-6.482040E-7,1.675414E-5,-1.777827E+2,
3.313522E+1,1.873300E+3,-1.664290E-5,-7.245730E-7,1.665867E-5,-1.775071E+2,
3.333570E+1,1.892400E+3,-1.660560E-5,-6.333030E-7,1.661767E-5,-1.778159E+2,
3.353620E+1,1.903500E+3,-1.654970E-5,-6.444790E-7,1.656224E-5,-1.777699E+2,
3.373569E+1,1.922600E+3,-1.627400E-5,-5.327200E-7,1.628272E-5,-1.781251E+2,
3.393611E+1,1.933700E+3,-1.626100E-5,-6.314400E-7,1.627326E-5,-1.777762E+2,
3.413558E+1,1.942800E+3,-1.621630E-5,-4.805660E-7,1.622342E-5,-1.783026E+2,
3.433606E+1,1.964100E+3,-1.588100E-5,-3.725310E-7,1.588537E-5,-1.786562E+2,
3.453655E+1,1.976200E+3,-1.576550E-5,-3.110640E-7,1.576857E-5,-1.788697E+2,
3.473501E+1,1.997100E+3,-1.564820E-5,-8.009420E-8,1.564840E-5,-1.797067E+2,
3.493541E+1,2.006100E+3,-1.554020E-5,-1.378370E-7,1.554081E-5,-1.794918E+2,
3.513694E+1,2.027200E+3,-1.549730E-5,-2.458710E-7,1.549925E-5,-1.790911E+2,
3.533641E+1,2.036100E+3,-1.550660E-5,-1.434250E-7,1.550726E-5,-1.794701E+2,
3.553585E+1,2.057200E+3,-1.527570E-5,-1.546000E-7,1.527648E-5,-1.794202E+2,
3.573631E+1,2.066100E+3,-1.523840E-5,-1.974410E-7,1.523968E-5,-1.792577E+2,
3.593575E+1,2.089900E+3,-1.513410E-5,-7.078100E-8,1.513427E-5,-1.797320E+2,
3.613623E+1,2.098800E+3,-1.491240E-5,-2.793990E-7,1.491502E-5,-1.789266E+2,
3.633573E+1,2.109300E+3,-1.469450E-5,-4.861540E-7,1.470254E-5,-1.781051E+2,
3.653621E+1,2.128600E+3,-1.415990E-5,-1.024460E-6,1.419691E-5,-1.758619E+2,
3.673662E+1,2.149700E+3,-1.369050E-5,-8.828970E-7,1.371894E-5,-1.763101E+2,
3.693611E+1,2.158800E+3,-1.344460E-5,-6.053630E-7,1.345822E-5,-1.774219E+2,
3.713558E+1,2.170000E+3,-1.330680E-5,-4.768410E-7,1.331534E-5,-1.779477E+2,
3.733606E+1,2.192000E+3,-1.327330E-5,-5.047800E-7,1.328289E-5,-1.778221E+2,
3.753647E+1,2.203200E+3,-1.321740E-5,-6.035010E-7,1.323117E-5,-1.773857E+2,
3.773692E+1,2.221500E+3,-1.295290E-5,-7.282980E-7,1.297336E-5,-1.767818E+2,
3.793542E+1,2.232900E+3,-1.288580E-5,-6.742810E-7,1.290343E-5,-1.770046E+2,
3.813692E+1,2.252000E+3,-1.257480E-5,-7.022210E-7,1.259439E-5,-1.768037E+2,
3.833535E+1,2.263300E+3,-1.239220E-5,-7.227100E-7,1.241326E-5,-1.766623E+2,
3.853586E+1,2.282400E+3,-1.226930E-5,-7.711390E-7,1.229351E-5,-1.764036E+2,
3.873533E+1,2.293400E+3,-1.243880E-5,-7.171220E-7,1.245945E-5,-1.767004E+2,
3.893679E+1,2.305400E+3,-1.235310E-5,-7.357480E-7,1.237499E-5,-1.765915E+2,
3.913523E+1,2.326600E+3,-1.212590E-5,-3.743930E-7,1.213168E-5,-1.782315E+2,
3.933672E+1,2.335400E+3,-1.178130E-5,-5.066430E-7,1.179219E-5,-1.775376E+2,
3.953518E+1,2.356400E+3,-1.158200E-5,-4.451740E-7,1.159055E-5,-1.777988E+2,
3.973663E+1,2.365400E+3,-1.149630E-5,-5.085060E-7,1.150754E-5,-1.774673E+2,
3.993609E+1,2.386500E+3,-1.159690E-5,-3.762560E-7,1.160300E-5,-1.781417E+2,
4.013561E+1,2.395300E+3,-1.151490E-5,-3.650800E-7,1.152069E-5,-1.781840E+2,
4.033603E+1,2.416400E+3,-1.122810E-5,-4.526250E-7,1.123722E-5,-1.776916E+2,
4.053550E+1,2.425300E+3,-1.092450E-5,-4.507620E-7,1.093380E-5,-1.776372E+2,
4.073591E+1,2.449100E+3,-1.101020E-5,-2.924370E-7,1.101408E-5,-1.784786E+2,
4.093545E+1,2.458000E+3,-1.103060E-5,-4.414490E-7,1.103943E-5,-1.777082E+2,
4.113691E+1,2.468700E+3,-1.079220E-5,-4.768410E-7,1.080273E-5,-1.774701E+2,
4.113691E+1,2.468700E+3,-1.079220E-5,-4.768410E-7,1.024277E-5,-1.778114E+2,
4.153580E+1,2.499900E+3,-1.032470E-5,-9.685800E-8,1.032515E-5,-1.794625E+2,
4.173628E+1,2.518200E+3,-1.027440E-5,-2.570470E-7,1.027761E-5,-1.785669E+2,
4.193673E+1,2.532200E+3,-1.028560E-5,-3.781190E-7,1.029255E-5,-1.778946E+2,
4.213523E+1,2.551200E+3,-1.044020E-5,-4.731140E-7,1.045091E-5,-1.774053E+2,
4.233565E+1,2.562400E+3,-1.056500E-5,-2.421460E-7,1.056777E-5,-1.786870E+2,
4.253515E+1,2.581400E+3,-1.038060E-5,-1.918530E-7,1.038237E-5,-1.789412E+2,
4.273554E+1,2.592300E+3,-1.003970E-5,-4.470370E-7,1.004965E-5,-1.774505E+2,
4.293609E+1,2.604500E+3,-9.939130E-6,-4.787030E-7,9.950651E-6,-1.772426E+2,
4.313556E+1,2.625000E+3,-9.864630E-6,-2.738110E-7,9.868429E-6,-1.784101E+2,
4.333500E+1,2.634400E+3,-9.642970E-6,-3.073380E-7,9.647866E-6,-1.781745E+2,
4.353545E+1,2.655400E+3,-9.397100E-6,7.450630E-8,9.397395E-6,1.795457E+2,
4.373587E+1,2.655400E+3,-9.397100E-6,7.450630E-8,9.397525E-6,-1.794549E+2,
4.393640E+1,2.687900E+3,-9.516310E-6,-2.011670E-7,9.518436E-6,-1.787890E+2,
4.413589E+1,2.697600E+3,-9.417590E-6,-3.520420E-7,9.424168E-6,-1.778592E+2,
4.433533E+1,2.707300E+3,-9.330050E-6,-3.185140E-7,9.335485E-6,-1.780448E+2,
4.453583E+1,2.730800E+3,-9.136330E-6,-4.488990E-7,9.147351E-6,-1.771871E+2,
4.473624E+1,2.739700E+3,-9.154960E-6,-6.165390E-7,9.175697E-6,-1.761472E+2,
4.493576E+1,2.760700E+3,-9.067410E-6,-7.767270E-7,9.100617E-6,-1.751039E+2,
4.513617E+1,2.769800E+3,-9.104670E-6,-6.146770E-7,9.125396E-6,-1.761377E+2,
4.533666E+1,2.790400E+3,-8.976150E-6,-3.799810E-7,8.984189E-6,-1.775760E+2,
4.553611E+1,2.800100E+3,-8.802920E-6,-2.030290E-7,8.805261E-6,-1.786788E+2,
4.573556E+1,2.820200E+3,-8.426660E-6,-4.600750E-7,8.439210E-6,-1.768749E+2,
4.593607E+1,2.830600E+3,-8.447150E-6,-3.557670E-7,8.454639E-6,-1.775883E+2,
4.613650E+1,2.850200E+3,-8.169620E-6,-4.768410E-7,8.183524E-6,-1.766596E+2,
4.633600E+1,2.861200E+3,-8.013160E-6,-5.085060E-7,8.029278E-6,-1.763689E+2,
4.653650E+1,2.880500E+3,-7.513940E-6,-6.444790E-7,7.541528E-6,-1.750977E+2,
4.653650E+1,2.880500E+3,-7.513940E-6,-6.444790E-7,7.452738E-6,-1.765755E+2,
4.693541E+1,2.911100E+3,-7.538150E-6,-6.035010E-7,7.562269E-6,-1.754227E+2,
4.713679E+1,2.922200E+3,-7.409630E-6,-4.079210E-7,7.420850E-6,-1.768489E+2,
4.733530E+1,2.941400E+3,-7.309050E-6,-5.941870E-7,7.333162E-6,-1.753524E+2,
4.753573E+1,2.954400E+3,-7.551190E-6,-8.102540E-7,7.594536E-6,-1.738755E+2,
4.773622E+1,2.964400E+3,-7.521390E-6,-9.052490E-7,7.575670E-6,-1.731371E+2,
4.793672E+1,2.984900E+3,-7.430120E-6,-6.929080E-7,7.462359E-6,-1.746722E+2,
4.813517E+1,2.997300E+3,-7.206600E-6,-7.413360E-7,7.244630E-6,-1.741267E+2,
4.833567E+1,3.018100E+3,-7.022200E-6,-4.842910E-7,7.038880E-6,-1.760548E+2,
4.853612E+1,3.027300E+3,-6.906720E-6,-3.930200E-7,6.917893E-6,-1.767432E+2,
4.873654E+1,3.037500E+3,-6.968180E-6,-3.501790E-7,6.976973E-6,-1.771231E+2,
4.893605E+1,3.060700E+3,-6.936520E-6,-4.917420E-7,6.953928E-6,-1.759450E+2,
4.913551E+1,3.070100E+3,-6.971910E-6,-5.587970E-7,6.994268E-6,-1.754176E+2,
4.933595E+1,3.090800E+3,-7.055730E-6,-7.543750E-7,7.095943E-6,-1.738973E+2,
4.953539E+1,3.100700E+3,-7.070630E-6,-6.910450E-7,7.104319E-6,-1.744180E+2,
4.973589E+1,3.111900E+3,-6.901130E-6,-6.314400E-7,6.929958E-6,-1.747721E+2,
4.993640E+1,3.133100E+3,-6.636630E-6,-4.600750E-7,6.652558E-6,-1.760344E+2,
5.013684E+1,3.154000E+3,-6.599380E-6,-2.775360E-7,6.605213E-6,-1.775919E+2,
5.033532E+1,3.163600E+3,-6.634770E-6,-3.203770E-7,6.642501E-6,-1.772355E+2,
5.053582E+1,3.174800E+3,-6.577030E-6,-3.203770E-7,6.584828E-6,-1.772112E+2,
5.073624E+1,3.193800E+3,-6.705550E-6,-2.291060E-7,6.709463E-6,-1.780432E+2,
5.093567E+1,3.204700E+3,-6.614280E-6,-1.117590E-8,6.614289E-6,-1.799032E+2,
5.113535E+1,3.224300E+3,-6.420570E-6,1.061710E-7,6.421448E-6,1.790526E+2,
5.133665E+1,3.234700E+3,-6.465270E-6,7.264360E-8,6.465678E-6,1.793563E+2,
5.153510E+1,3.254900E+3,-6.631050E-6,1.676390E-8,6.631071E-6,1.798552E+2,
5.173655E+1,3.267600E+3,-6.366550E-6,-4.842900E-8,6.366734E-6,-1.795642E+2,
5.193596E+1,3.287000E+3,-6.383310E-6,-2.458710E-7,6.388043E-6,-1.777942E+2,
5.213544E+1,3.297700E+3,-6.394490E-6,-3.445910E-7,6.403768E-6,-1.769154E+2,
5.233692E+1,3.317600E+3,-6.534190E-6,-2.533220E-7,6.539099E-6,-1.777798E+2,
5.253542E+1,3.327800E+3,-6.534190E-6,-2.030290E-7,6.537343E-6,-1.782203E+2,
5.273684E+1,3.348400E+3,-6.461550E-6,-5.587960E-8,6.461792E-6,-1.795045E+2,
5.293536E+1,3.358000E+3,-6.217540E-6,-1.005830E-7,6.218354E-6,-1.790732E+2,
5.313679E+1,3.370100E+3,-6.023820E-6,-1.601880E-7,6.025950E-6,-1.784767E+2,
5.333528E+1,3.391400E+3,-5.867360E-6,-8.381950E-8,5.867959E-6,-1.791815E+2,
5.353575E+1,3.403400E+3,-5.777950E-6,-4.284110E-8,5.778109E-6,-1.795752E+2,
5.373619E+1,3.424700E+3,-5.818930E-6,-2.961620E-7,5.826462E-6,-1.770864E+2,
5.393666E+1,3.433900E+3,-5.750010E-6,-5.848740E-7,5.779679E-6,-1.741920E+2,
5.413510E+1,3.455300E+3,-5.351410E-6,-2.142050E-7,5.355695E-6,-1.777078E+2,
5.433563E+1,3.464300E+3,-5.286220E-6,-3.967450E-7,5.301087E-6,-1.757078E+2,
5.453607E+1,3.485500E+3,-5.837560E-6,-2.868490E-7,5.844603E-6,-1.771868E+2,
5.473550E+1,3.494600E+3,-5.796580E-6,-1.285230E-7,5.798005E-6,-1.787298E+2,
5.493693E+1,3.507500E+3,-5.638260E-6,-1.695020E-7,5.640807E-6,-1.782780E+2,
5.513644E+1,3.527100E+3,-5.418460E-6,-2.793980E-8,5.418532E-6,-1.797046E+2,
5.533590E+1,3.539500E+3,-5.286220E-6,-2.048920E-7,5.290189E-6,-1.777804E+2,
5.553537E+1,3.550600E+3,-5.256410E-6,-3.073380E-7,5.265387E-6,-1.766538E+2,
5.573686E+1,3.569700E+3,-4.958390E-6,-3.129260E-7,4.968255E-6,-1.763888E+2,
5.593629E+1,3.583600E+3,-5.004960E-6,-2.868490E-7,5.013173E-6,-1.767198E+2,
5.613577E+1,3.602900E+3,-5.118580E-6,-1.490130E-7,5.120749E-6,-1.783325E+2,
5.633523E+1,3.613800E+3,-5.003090E-6,-2.943000E-7,5.011738E-6,-1.766335E+2,
5.653566E+1,3.625800E+3,-4.859670E-6,-3.427290E-7,4.871741E-6,-1.759659E+2,
5.673618E+1,3.646500E+3,-4.647330E-6,-6.798690E-7,4.696797E-6,-1.716771E+2,
5.693568E+1,3.655800E+3,-4.779580E-6,-7.636880E-7,4.840207E-6,-1.709219E+2,
5.713510E+1,3.678800E+3,-4.908100E-6,-5.736980E-7,4.941515E-6,-1.733331E+2,
5.733559E+1,3.689000E+3,-4.740460E-6,-6.854570E-7,4.789761E-6,-1.717722E+2,
5.733559E+1,3.689000E+3,-4.740460E-6,-6.854570E-7,4.614443E-6,-1.707316E+2,
5.773652E+1,3.721800E+3,-4.788890E-6,-7.431990E-7,4.894918E-6,-1.680529E+2,
5.793702E+1,3.730800E+3,-4.807520E-6,-8.959360E-7,4.890291E-6,-1.694434E+2,
5.813541E+1,3.751800E+3,-4.828010E-6,-4.284100E-7,4.846980E-6,-1.749292E+2,
5.833686E+1,3.763700E+3,-4.798200E-6,-4.675260E-7,4.820924E-6,-1.744348E+2,
5.853634E+1,3.784800E+3,-4.798200E-6,-4.675260E-7,4.819781E-6,-1.756115E+2,
5.873681E+1,3.793900E+3,-4.861530E-6,-2.533220E-7,4.868126E-6,-1.770172E+2,
5.893532E+1,3.807200E+3,-4.705070E-6,-1.862660E-8,4.705107E-6,-1.797732E+2,
5.913572E+1,3.827100E+3,-4.759090E-6,-2.980250E-8,4.759183E-6,-1.796412E+2,
5.933620E+1,3.836900E+3,-4.829870E-6,3.725310E-8,4.830014E-6,1.795581E+2,
5.953566E+1,3.857200E+3,-4.701350E-6,-1.117590E-7,4.702678E-6,-1.786382E+2,
5.973619E+1,3.867500E+3,-4.585860E-6,-1.024460E-7,4.587004E-6,-1.787203E+2,
5.993563E+1,3.881300E+3,-4.600760E-6,-5.587960E-8,4.601099E-6,-1.793041E+2,
6.013511E+1,3.900800E+3,-4.321370E-6,-2.551840E-7,4.328898E-6,-1.766205E+2,
6.033554E+1,3.913800E+3,-4.360480E-6,-2.570470E-7,4.368050E-6,-1.766264E+2,
6.053599E+1,3.923200E+3,-4.271070E-6,-3.390030E-7,4.284503E-6,-1.754618E+2,
6.073646E+1,3.945900E+3,-4.354890E-6,-3.278270E-7,4.367212E-6,-1.756950E+2,
6.093698E+1,3.956200E+3,-4.306460E-6,-3.725310E-7,4.322543E-6,-1.750559E+2,
6.113641E+1,3.977900E+3,-4.170490E-6,-2.738110E-7,4.179469E-6,-1.762437E+2,
6.133683E+1,3.989000E+3,-4.103440E-6,-3.241020E-7,4.116219E-6,-1.754840E+2,
6.153634E+1,3.997900E+3,-4.058730E-6,-3.129260E-7,4.070775E-6,-1.755912E+2,
6.173580E+1,4.022100E+3,-4.058730E-6,-3.129260E-7,3.759890E-6,-1.765919E+2,
6.193529E+1,4.031100E+3,-3.578160E-6,-8.009420E-8,3.579056E-6,-1.787177E+2,
6.213677E+1,4.052100E+3,-3.565120E-6,1.024460E-7,3.566592E-6,1.783540E+2,
6.233620E+1,4.061100E+3,-3.719720E-6,3.166520E-8,3.719855E-6,1.795123E+2,
6.253568E+1,4.085300E+3,-4.133240E-6,-3.706680E-7,4.149827E-6,-1.748754E+2,
6.273613E+1,4.094400E+3,-4.062460E-6,-6.463420E-7,4.113556E-6,-1.709599E+2,
6.293655E+1,4.105000E+3,-3.922760E-6,-6.426160E-7,3.975047E-6,-1.706966E+2,
6.313509E+1,4.124500E+3,-3.695500E-6,-4.228220E-7,3.719610E-6,-1.734729E+2,
6.333549E+1,4.145600E+3,-3.937660E-6,-3.166520E-8,3.937787E-6,-1.795393E+2,
6.353599E+1,4.154500E+3,-4.120200E-6,5.215430E-8,4.120530E-6,1.792748E+2,
6.373546E+1,4.164900E+3,-4.015890E-6,2.365570E-7,4.022851E-6,1.766289E+2,
6.373546E+1,4.164900E+3,-4.015890E-6,2.365570E-7,3.832356E-6,1.754561E+2,
6.413533E+1,4.198200E+3,-3.801670E-6,3.092010E-7,3.814223E-6,1.753502E+2,
6.433587E+1,4.217600E+3,-3.838940E-6,2.216560E-7,3.845334E-6,1.766955E+2,
6.453625E+1,4.228900E+3,-3.773730E-6,4.656640E-8,3.774017E-6,1.792930E+2,
6.473677E+1,4.248100E+3,-3.788630E-6,-3.296900E-7,3.802948E-6,-1.750266E+2,
6.493521E+1,4.259500E+3,-3.909720E-6,-1.639140E-7,3.913155E-6,-1.775993E+2,
6.513572E+1,4.278600E+3,-3.770010E-6,1.303860E-7,3.772264E-6,1.780192E+2,
6.533619E+1,4.289700E+3,-3.855700E-6,4.079210E-7,3.877218E-6,1.739608E+2,
6.553561E+1,4.308200E+3,-3.568840E-6,6.016380E-7,3.619197E-6,1.704310E+2,
6.573521E+1,4.319400E+3,-3.531590E-6,5.215440E-7,3.569893E-6,1.715993E+2,
6.593555E+1,4.328600E+3,-3.624720E-6,6.109510E-7,3.675848E-6,1.704327E+2,
6.613601E+1,4.354600E+3,-3.127400E-6,4.712510E-7,3.162706E-6,1.714309E+2,
6.633646E+1,4.365000E+3,-3.082690E-6,3.762560E-7,3.105567E-6,1.730412E+2,
6.653695E+1,4.385300E+3,-3.429140E-6,3.483160E-7,3.446785E-6,1.742001E+2,
6.673543E+1,4.395100E+3,-3.529730E-6,2.793990E-7,3.540771E-6,1.754741E+2,
6.693591E+1,4.404700E+3,-3.855700E-6,3.594920E-7,3.872423E-6,1.746733E+2,
6.713535E+1,4.428200E+3,-3.865020E-6,-1.899910E-7,3.869687E-6,-1.771858E+2,
6.733684E+1,4.437100E+3,-3.727170E-6,-3.986080E-7,3.748424E-6,-1.738956E+2,
6.753632E+1,4.458200E+3,-3.648940E-6,-3.930200E-7,3.670045E-6,-1.738525E+2,
6.773575E+1,4.467500E+3,-3.609820E-6,-4.917420E-7,3.643159E-6,-1.722427E+2,
6.793623E+1,4.488200E+3,-3.738340E-6,-7.934900E-7,3.821624E-6,-1.680164E+2,
6.813566E+1,4.498000E+3,-4.012170E-6,-6.277150E-7,4.060977E-6,-1.711080E+2,
6.833615E+1,4.521500E+3,-3.697370E-6,-6.277150E-7,3.750276E-6,-1.703646E+2,
6.853563E+1,4.530600E+3,-3.678740E-6,-4.787030E-7,3.709755E-6,-1.725859E+2,
6.873509E+1,4.542000E+3,-3.531590E-6,-5.662480E-7,3.576697E-6,-1.708908E+2,
6.893551E+1,4.563800E+3,-3.531590E-6,-5.662480E-7,3.198806E-6,-1.734130E+2,
6.913602E+1,4.574500E+3,-3.183280E-6,-1.620510E-7,3.187402E-6,-1.770858E+2,
6.933648E+1,4.585100E+3,-3.155340E-6,-5.774220E-8,3.155868E-6,-1.789516E+2,
6.953694E+1,4.607900E+3,-3.295030E-6,3.352780E-8,3.295201E-6,1.794170E+2,
6.973645E+1,4.618000E+3,-3.326700E-6,1.639140E-7,3.330736E-6,1.771792E+2,
6.993586E+1,4.639800E+3,-2.998870E-6,3.427290E-7,3.018391E-6,1.734802E+2,
7.013639E+1,4.650900E+3,-3.073380E-6,4.023330E-7,3.099603E-6,1.725419E+2,
7.033578E+1,4.670500E+3,-3.028680E-6,4.787030E-7,3.066278E-6,1.710183E+2,
7.033578E+1,4.670500E+3,-3.028680E-6,4.787030E-7,2.919791E-6,1.704896E+2,
7.073578E+1,4.689900E+3,-2.717610E-6,2.905740E-7,2.733100E-6,1.738970E+2,
7.093521E+1,4.713800E+3,-2.980250E-6,4.433110E-7,3.013041E-6,1.715393E+2,
7.113566E+1,4.722900E+3,-2.874080E-6,3.986080E-7,2.901590E-6,1.721040E+2,
7.133510E+1,4.744200E+3,-2.909470E-6,-1.862660E-8,2.909530E-6,-1.796332E+2,
7.153661E+1,4.753200E+3,-2.991420E-6,-3.390030E-7,3.010567E-6,-1.735345E+2,
7.173509E+1,4.774500E+3,-3.019360E-6,-3.222390E-7,3.036507E-6,-1.739082E+2,
7.193556E+1,4.783800E+3,-3.138570E-6,-2.440080E-7,3.148041E-6,-1.755545E+2,
7.213502E+1,4.804700E+3,-3.002600E-6,-3.352780E-8,3.002787E-6,-1.793603E+2,
7.233649E+1,4.814300E+3,-3.110630E-6,1.117590E-8,3.110650E-6,1.797942E+2,
7.233649E+1,4.814300E+3,-3.110630E-6,1.117590E-8,3.119952E-6,1.799316E+2,
7.273644E+1,4.843900E+3,-2.922500E-6,-8.381950E-8,2.923702E-6,-1.783572E+2,
7.293687E+1,4.867800E+3,-2.710160E-6,-1.508750E-7,2.714356E-6,-1.768136E+2,
7.313533E+1,4.877100E+3,-2.598400E-6,-4.600750E-7,2.638816E-6,-1.699592E+2,
7.333676E+1,4.890000E+3,-2.512720E-6,-5.792860E-7,2.578630E-6,-1.670178E+2,
7.353623E+1,4.909800E+3,-2.693400E-6,-5.792860E-7,2.824712E-6,-1.624612E+2,
7.373673E+1,4.922500E+3,-2.738100E-6,-8.177050E-7,2.857592E-6,-1.633723E+2,
7.393520E+1,4.933800E+3,-2.868490E-6,-6.891820E-7,2.950120E-6,-1.664902E+2,
7.413565E+1,4.953000E+3,-2.549980E-6,-6.314400E-7,2.626997E-6,-1.660919E+2,
7.433610E+1,4.966100E+3,-2.514590E-6,-5.420330E-7,2.572346E-6,-1.678357E+2,
7.453657E+1,4.985400E+3,-2.734380E-6,-4.787030E-7,2.775967E-6,-1.700700E+2,
7.473606E+1,4.996700E+3,-2.983970E-6,-2.067550E-7,2.991124E-6,-1.760364E+2,
7.493653E+1,5.006200E+3,-3.028680E-6,-4.284110E-8,3.028983E-6,-1.791896E+2,
7.513598E+1,5.029200E+3,-2.898290E-6,-2.235180E-7,2.906896E-6,-1.755900E+2,
7.513598E+1,5.029200E+3,-2.898290E-6,-2.235180E-7,2.835353E-6,-1.744205E+2,
7.553692E+1,5.061600E+3,-2.410280E-6,-3.967450E-7,2.442715E-6,-1.706526E+2,
7.573638E+1,5.072800E+3,-2.421450E-6,-4.451740E-7,2.462032E-6,-1.695827E+2,
7.593583E+1,5.081900E+3,-2.421450E-6,-4.451740E-7,2.558348E-6,-1.675119E+2,
7.613632E+1,5.106300E+3,-2.454980E-6,-4.302730E-7,2.492401E-6,-1.700590E+2,
7.633575E+1,5.115200E+3,-2.436350E-6,-3.576300E-7,2.462458E-6,-1.716492E+2,
7.653625E+1,5.136300E+3,-2.324600E-6,-1.601880E-7,2.330113E-6,-1.760580E+2,
7.673572E+1,5.145400E+3,-2.242640E-6,-6.519300E-8,2.243587E-6,-1.783349E+2,
7.693511E+1,5.166300E+3,-2.039610E-6,-3.911580E-8,2.039985E-6,-1.789013E+2,
7.713662E+1,5.175200E+3,-2.117840E-6,-8.754480E-8,2.119649E-6,-1.776329E+2,
7.713662E+1,5.175200E+3,-2.117840E-6,-8.754480E-8,2.077495E-6,-1.743917E+2,
7.753552E+1,5.205500E+3,-2.067550E-6,-2.980250E-8,2.067765E-6,-1.791742E+2,
7.773506E+1,5.229500E+3,-2.348810E-6,-8.009420E-8,2.350175E-6,-1.780470E+2,
7.793545E+1,5.238900E+3,-2.462430E-6,-7.078100E-8,2.463447E-6,-1.783535E+2,
7.813699E+1,5.250200E+3,-2.287340E-6,-2.253810E-7,2.298417E-6,-1.743726E+2,
7.833540E+1,5.269600E+3,-2.160680E-6,-7.525120E-7,2.287971E-6,-1.607980E+2,
7.833540E+1,5.269600E+3,-2.160680E-6,-7.525120E-7,2.276944E-6,-1.599048E+2,
7.873631E+1,5.299400E+3,-2.225880E-6,-5.476210E-7,2.292254E-6,-1.661783E+2,
7.893582E+1,5.310700E+3,-2.289210E-6,-3.632180E-7,2.317846E-6,-1.709843E+2,
7.913525E+1,5.330000E+3,-2.151370E-6,-3.557670E-7,2.180588E-6,-1.706101E+2,
7.913525E+1,5.330000E+3,-2.151370E-6,-3.557670E-7,2.050900E-6,-1.670366E+2,
7.953614E+1,5.363400E+3,-2.214700E-6,-7.711390E-7,2.345112E-6,-1.608023E+2,
7.973668E+1,5.374300E+3,-2.264990E-6,-7.767270E-7,2.394470E-6,-1.610718E+2,
7.993512E+1,5.386400E+3,-2.186760E-6,-8.922110E-7,2.361770E-6,-1.578043E+2,
7.993512E+1,5.386400E+3,-2.186760E-6,-8.922110E-7,2.140303E-6,-1.728008E+2,
8.033608E+1,5.416600E+3,-2.199800E-6,-3.911580E-8,2.200148E-6,-1.789813E+2,
8.053555E+1,5.437700E+3,-2.352540E-6,6.146770E-8,2.353343E-6,1.785033E+2,
8.073600E+1,5.446900E+3,-2.143920E-6,1.527380E-7,2.149354E-6,1.759250E+2,
8.093548E+1,5.457400E+3,-2.039610E-6,1.378370E-7,2.044262E-6,1.761338E+2,
8.113592E+1,5.480100E+3,-2.065690E-6,-1.452870E-7,2.070793E-6,-1.759768E+2,
8.133653E+1,5.500900E+3,-2.365570E-6,-6.146770E-8,2.366368E-6,-1.785115E+2,
8.153604E+1,5.510000E+3,-2.216560E-6,1.303860E-8,2.216598E-6,1.796630E+2,
8.173550E+1,5.521900E+3,-2.205390E-6,-1.918530E-7,2.213719E-6,-1.750282E+2,
8.193500E+1,5.542200E+3,-2.309690E-6,-4.395860E-7,2.351149E-6,-1.692242E+2,
8.213544E+1,5.549800E+3,-2.263130E-6,-3.129260E-7,2.284662E-6,-1.721276E+2,
8.233692E+1,5.565700E+3,-2.328320E-6,-3.110640E-7,2.349007E-6,-1.723903E+2,
8.253641E+1,5.570800E+3,-2.264990E-6,-1.247980E-7,2.268425E-6,-1.768463E+2,
8.273586E+1,5.580700E+3,-2.188620E-6,2.048920E-8,2.188716E-6,1.794636E+2,
8.293633E+1,5.582900E+3,-2.268720E-6,2.067550E-7,2.278122E-6,1.747929E+2,
8.313581E+1,5.585400E+3,-2.158820E-6,1.415620E-7,2.163456E-6,1.762483E+2,
8.333628E+1,5.584400E+3,-2.123430E-6,2.998880E-7,2.144502E-6,1.719614E+2,
8.353576E+1,5.578200E+3,-2.015400E-6,3.781190E-7,2.050564E-6,1.693740E+2,
8.373623E+1,5.572000E+3,-2.125290E-6,3.352780E-7,2.151574E-6,1.710351E+2,
8.393564E+1,5.572000E+3,-2.125290E-6,3.352780E-7,2.215763E-6,1.735322E+2,
8.413615E+1,5.544300E+3,-2.307830E-6,2.365570E-7,2.319922E-6,1.741475E+2,
8.413615E+1,5.544300E+3,-2.307830E-6,2.365570E-7,2.441017E-6,1.764564E+2,
8.453609E+1,5.520800E+3,-2.568600E-6,4.097840E-8,2.568927E-6,1.790860E+2,
8.473546E+1,5.490300E+3,-2.484780E-6,-1.825400E-7,2.491476E-6,-1.757984E+2,
8.493698E+1,5.475500E+3,-2.423320E-6,-3.352780E-7,2.446404E-6,-1.721229E+2,
8.513541E+1,5.445700E+3,-2.468020E-6,-2.868490E-7,2.484634E-6,-1.733705E+2,
8.513541E+1,5.445700E+3,-2.468020E-6,-2.868490E-7,2.423121E-6,-1.725800E+2,
8.553537E+1,5.401300E+3,-2.454980E-6,-1.452870E-7,2.459275E-6,-1.766132E+2,
8.573582E+1,5.386100E+3,-2.328320E-6,3.539050E-8,2.328589E-6,1.791292E+2,
8.593628E+1,5.356900E+3,-2.253820E-6,1.806770E-7,2.261050E-6,1.754167E+2,
8.613577E+1,5.344100E+3,-2.363710E-6,2.142050E-7,2.373396E-6,1.748219E+2,
8.633522E+1,5.328600E+3,-2.298520E-6,1.601880E-7,2.304095E-6,1.760134E+2,
8.653671E+1,5.307100E+3,-2.281750E-6,4.861540E-7,2.332966E-6,1.679723E+2,
8.673613E+1,5.295500E+3,-2.179310E-6,5.699730E-7,2.252612E-6,1.653433E+2,
8.693663E+1,5.276600E+3,-2.229600E-6,6.482040E-7,2.321914E-6,1.637895E+2,
8.693663E+1,5.276600E+3,-2.229600E-6,6.482040E-7,2.486073E-6,1.656410E+2,
8.733558E+1,5.248400E+3,-2.464290E-6,3.799810E-7,2.493413E-6,1.712343E+2,
8.753606E+1,5.236600E+3,-2.378610E-6,3.911580E-8,2.378932E-6,1.790579E+2,
8.773550E+1,5.218900E+3,-2.527620E-6,-2.067550E-7,2.536062E-6,-1.753237E+2,
8.793596E+1,5.208300E+3,-2.453120E-6,-2.551840E-7,2.466357E-6,-1.740612E+2,
8.813640E+1,5.189900E+3,-2.458710E-6,-2.160680E-7,2.468186E-6,-1.749778E+2,
8.833596E+1,5.179400E+3,-2.594680E-6,-4.284110E-8,2.595034E-6,-1.790541E+2,
8.853534E+1,5.167600E+3,-2.710160E-6,4.097840E-8,2.710470E-6,1.791337E+2,
8.873585E+1,5.158000E+3,-2.738100E-6,1.341110E-7,2.741382E-6,1.771959E+2,
8.893531E+1,5.134200E+3,-2.343220E-6,3.688060E-7,2.372066E-6,1.710554E+2,
8.913675E+1,5.125100E+3,-2.155090E-6,2.887120E-7,2.174343E-6,1.723697E+2,
8.933526E+1,5.103600E+3,-2.020980E-6,-1.955790E-7,2.030421E-6,-1.744725E+2,
8.953571E+1,5.094100E+3,-1.899910E-6,-4.209600E-7,1.945987E-6,-1.675069E+2,
8.973613E+1,5.070100E+3,-1.775110E-6,-4.693880E-7,1.836121E-6,-1.651884E+2,
8.993563E+1,5.060500E+3,-1.823540E-6,-4.395860E-7,1.875776E-6,-1.664468E+2,
9.013605E+1,5.049300E+3,-1.890590E-6,-3.483160E-7,1.922409E-6,-1.695611E+2,
9.033658E+1,5.028200E+3,-1.806770E-6,-3.986080E-7,1.850218E-6,-1.675588E+2,
9.053599E+1,5.017100E+3,-2.002360E-6,-3.986080E-7,2.041650E-6,-1.687414E+2,
9.073645E+1,4.998100E+3,-2.518310E-6,-1.080340E-7,2.520626E-6,-1.775436E+2,
9.093697E+1,4.985200E+3,-2.766040E-6,-7.636890E-8,2.767094E-6,-1.784185E+2,
9.113643E+1,4.974600E+3,-2.959760E-6,-7.450640E-9,2.959769E-6,-1.798558E+2,
9.113643E+1,4.974600E+3,-2.959760E-6,-7.450640E-9,2.799749E-6,1.793520E+2,
9.153534E+1,4.941900E+3,-2.838690E-6,-1.080340E-7,2.840745E-6,-1.778205E+2,
9.173583E+1,4.920800E+3,-2.972800E-6,-2.272440E-7,2.981473E-6,-1.756288E+2,
9.193528E+1,4.909500E+3,-2.801430E-6,-2.123420E-7,2.809466E-6,-1.756654E+2,
9.213573E+1,4.899700E+3,-2.706440E-6,-3.911580E-8,2.706723E-6,-1.791720E+2,
9.233619E+1,4.877500E+3,-2.890840E-6,3.855690E-7,2.916440E-6,1.724030E+2,
9.253666E+1,4.866900E+3,-2.963480E-6,3.166510E-7,2.980349E-6,1.739010E+2,
9.273516E+1,4.854900E+3,-2.823780E-6,3.017500E-7,2.839857E-6,1.739005E+2,
9.293562E+1,4.833700E+3,-2.522040E-6,-1.639140E-7,2.527361E-6,-1.762814E+2,
9.313508E+1,4.824700E+3,-2.359990E-6,-3.334150E-7,2.383426E-6,-1.719586E+2,
9.333549E+1,4.803700E+3,-2.820060E-6,-2.663600E-7,2.832611E-6,-1.746043E+2,
9.333549E+1,4.803700E+3,-2.820060E-6,-2.663600E-7,2.835333E-6,-1.757428E+2,
9.373642E+1,4.794300E+3,-2.827510E-6,-2.104800E-7,3.078245E-6,-1.774683E+2,
9.393695E+1,4.761600E+3,-3.237290E-6,-3.725310E-8,3.237504E-6,-1.793407E+2,
9.413537E+1,4.750600E+3,-3.216800E-6,4.097840E-8,3.217061E-6,1.792702E+2,
9.433585E+1,4.728600E+3,-3.149750E-6,3.483160E-7,3.168951E-6,1.736896E+2,
9.453633E+1,4.718400E+3,-3.149750E-6,6.649680E-7,3.219178E-6,1.680789E+2,
9.473581E+1,4.698700E+3,-3.045440E-6,3.315530E-7,3.063435E-6,1.737868E+2,
9.493522E+1,4.688000E+3,-2.995150E-6,1.080340E-7,2.997098E-6,1.779343E+2,
9.513571E+1,4.665700E+3,-2.801430E-6,1.117590E-8,2.801452E-6,1.797714E+2,
9.533517E+1,4.655800E+3,-2.812610E-6,-8.381950E-8,2.813859E-6,-1.782930E+2,
9.553666E+1,4.642600E+3,-2.773490E-6,-6.519300E-8,2.774256E-6,-1.786535E+2,
9.573609E+1,4.623200E+3,-3.006320E-6,-4.097840E-8,3.006599E-6,-1.792191E+2,
9.593552E+1,4.611900E+3,-2.840550E-6,-4.097840E-8,2.864392E-6,-1.726023E+2,
9.613507E+1,4.592800E+3,-2.771630E-6,-7.916280E-7,2.882466E-6,-1.640597E+2,
9.613507E+1,4.592800E+3,-2.771630E-6,-7.916280E-7,2.884388E-6,-1.646086E+2,
9.653701E+1,4.562400E+3,-2.654280E-6,-5.401710E-7,2.708687E-6,-1.684969E+2,
9.673546E+1,4.551500E+3,-2.786530E-6,-4.600750E-7,2.824255E-6,-1.706247E+2,
9.693588E+1,4.539500E+3,-2.659870E-6,-2.179300E-7,2.668783E-6,-1.753161E+2,
9.713634E+1,4.518800E+3,-3.026810E-6,-3.073380E-7,3.042373E-6,-1.742021E+2,
9.733586E+1,4.499600E+3,-3.032400E-6,-4.433110E-7,3.064633E-6,-1.716828E+2,
9.753625E+1,4.488500E+3,-2.961620E-6,-4.731140E-7,2.999172E-6,-1.709238E+2,
9.773579E+1,4.479400E+3,-2.931820E-6,-5.401710E-7,2.981166E-6,-1.695607E+2,
9.793519E+1,4.455900E+3,-2.942990E-6,-3.390030E-7,2.962451E-6,-1.734291E+2,
9.813571E+1,4.446400E+3,-3.088280E-6,-7.078100E-8,3.089091E-6,-1.786871E+2,
9.833619E+1,4.425400E+3,-3.268960E-6,3.725310E-8,3.269172E-6,1.793471E+2,
9.853657E+1,4.416400E+3,-3.390030E-6,-2.235180E-7,3.397391E-6,-1.762277E+2,
9.873506E+1,4.395200E+3,-3.447770E-6,-2.235180E-7,3.455008E-6,-1.762907E+2,
9.893556E+1,4.386300E+3,-3.501790E-6,-1.899910E-7,3.506940E-6,-1.768944E+2,
9.893556E+1,4.386300E+3,-3.501790E-6,-1.899910E-7,3.409213E-6,-1.778395E+2,
9.933650E+1,4.356300E+3,-3.412380E-6,-1.788150E-7,3.417062E-6,-1.770003E+2,
9.953602E+1,4.345100E+3,-3.339740E-6,-1.899910E-7,3.345140E-6,-1.767441E+2,
9.973545E+1,4.323600E+3,-3.565120E-6,-1.862660E-8,3.565169E-6,-1.797007E+2,
9.993583E+1,4.323600E+3,-3.565120E-6,-1.862660E-8,3.583345E-6,-1.783617E+2,
1.001353E+2,4.290500E+3,-3.701090E-6,-3.725310E-7,3.719791E-6,-1.742523E+2,
1.003358E+2,4.280800E+3,-3.790500E-6,-3.818440E-7,3.809684E-6,-1.742476E+2,
1.005353E+2,4.269600E+3,-3.991680E-6,-4.284110E-8,3.991910E-6,-1.793851E+2,
1.007368E+2,4.248400E+3,-3.991680E-6,7.823160E-8,3.992447E-6,1.788772E+2,
1.009362E+2,4.237200E+3,-3.999130E-6,-2.943000E-7,4.009944E-6,-1.757911E+2,
1.011357E+2,4.215300E+3,-4.006580E-6,-3.017500E-7,4.017927E-6,-1.756930E+2,
1.013361E+2,4.204100E+3,-3.892960E-6,-1.266610E-7,3.895020E-6,-1.781365E+2,
1.015366E+2,4.194700E+3,-3.865020E-6,1.396990E-7,3.867544E-6,1.779300E+2,
1.017360E+2,4.174700E+3,-3.794220E-6,-3.241020E-7,3.808037E-6,-1.751177E+2,
1.019355E+2,4.155400E+3,-3.848250E-6,-5.569350E-7,3.888342E-6,-1.717651E+2,
1.021350E+2,4.144100E+3,-3.803540E-6,-5.438960E-7,3.842231E-6,-1.718620E+2,
1.023355E+2,4.134600E+3,-3.850120E-6,-3.967450E-7,3.870508E-6,-1.741166E+2,
1.025369E+2,4.110900E+3,-3.773730E-6,-4.936050E-7,3.805875E-6,-1.725480E+2,
1.027364E+2,4.101600E+3,-3.660110E-6,-4.451740E-7,3.687084E-6,-1.730653E+2,
1.029359E+2,4.080500E+3,-3.732760E-6,-1.434250E-7,3.735514E-6,-1.777996E+2,
1.031353E+2,4.071500E+3,-3.751380E-6,1.527380E-7,3.754488E-6,1.776685E+2,
1.033358E+2,4.050900E+3,-3.835220E-6,1.993040E-7,3.840395E-6,1.770252E+2,
1.035352E+2,4.041700E+3,-3.876190E-6,2.980250E-8,3.876305E-6,1.795595E+2,
1.037357E+2,4.020700E+3,-3.904130E-6,-3.334150E-7,3.918341E-6,-1.751188E+2,
1.039352E+2,4.011700E+3,-3.870610E-6,-2.738110E-7,3.880283E-6,-1.759536E+2,
1.039352E+2,4.011700E+3,-3.870610E-6,-2.738110E-7,3.513251E-6,-1.766871E+2,
1.043351E+2,3.981700E+3,-3.416110E-6,-1.676390E-7,3.420221E-6,-1.771906E+2,
1.045365E+2,3.960600E+3,-3.712270E-6,-3.110640E-7,3.725280E-6,-1.752102E+2,
1.047360E+2,3.948700E+3,-4.036380E-6,-1.061710E-7,4.037776E-6,-1.784933E+2,
1.049365E+2,3.938400E+3,-4.166770E-6,-3.352780E-8,4.166905E-6,-1.795390E+2,
1.051369E+2,3.918700E+3,-4.196570E-6,2.235180E-7,4.202518E-6,1.769512E+2,
1.053354E+2,3.907900E+3,-4.168630E-6,2.086170E-7,4.173847E-6,1.771351E+2,
1.055359E+2,3.897600E+3,-4.155590E-6,2.849870E-7,4.165351E-6,1.760768E+2,
1.057353E+2,3.874700E+3,-4.265490E-6,1.192100E-7,4.267155E-6,1.783991E+2,
1.059368E+2,3.855900E+3,-4.205880E-6,-1.769520E-7,4.209601E-6,-1.775908E+2,
1.061363E+2,3.845400E+3,-4.421950E-6,-1.546000E-7,4.424652E-6,-1.779976E+2,
1.063358E+2,3.825900E+3,-4.787030E-6,-4.470370E-8,4.787239E-6,-1.794650E+2,
1.065362E+2,3.814800E+3,-4.662230E-6,-2.309690E-7,4.667948E-6,-1.771639E+2,
1.067357E+2,3.804800E+3,-4.708800E-6,-4.284110E-8,4.708995E-6,-1.794787E+2,
1.069361E+2,3.781700E+3,-4.477830E-6,-1.955790E-7,4.482099E-6,-1.774991E+2,
1.071356E+2,3.772000E+3,-4.483420E-6,-1.788150E-7,4.486984E-6,-1.777161E+2,
1.073351E+2,3.752200E+3,-4.883880E-6,-2.924370E-7,4.892627E-6,-1.765733E+2,
1.075355E+2,3.742000E+3,-5.014270E-6,-3.054760E-7,5.023566E-6,-1.765138E+2,
1.077350E+2,3.721500E+3,-4.846630E-6,-3.054760E-7,4.887590E-6,-1.725771E+2,
1.079355E+2,3.711700E+3,-4.854080E-6,-6.035010E-7,4.891452E-6,-1.729129E+2,
1.081360E+2,3.690800E+3,-4.526260E-6,-6.761440E-7,4.576483E-6,-1.715038E+2,
1.083364E+2,3.681500E+3,-4.554200E-6,-4.991930E-7,4.581477E-6,-1.737447E+2,
1.085358E+2,3.660300E+3,-4.604490E-6,-3.967450E-7,4.621551E-6,-1.750753E+2,
1.087354E+2,3.651300E+3,-4.926730E-6,-3.483160E-7,4.939027E-6,-1.759560E+2,
1.089358E+2,3.630000E+3,-5.053390E-6,-6.705570E-8,5.053835E-6,-1.792398E+2,
1.091353E+2,3.621000E+3,-4.965840E-6,1.657760E-7,4.968606E-6,1.780880E+2,
1.093358E+2,3.609900E+3,-4.988190E-6,3.017500E-7,4.997309E-6,1.765382E+2,
1.095352E+2,3.588200E+3,-4.714380E-6,2.346940E-7,4.720218E-6,1.771500E+2,
1.097367E+2,3.577800E+3,-4.654780E-6,2.421460E-7,4.661074E-6,1.770221E+2,
1.099352E+2,3.555000E+3,-5.066420E-6,3.315530E-7,5.077257E-6,1.762558E+2,
1.101365E+2,3.544400E+3,-4.963980E-6,4.190970E-7,4.981640E-6,1.751741E+2,
1.103351E+2,3.525100E+3,-5.133480E-6,0.000000E+0,5.133480E-6,1.800000E+2,
1.105356E+2,3.515000E+3,-5.329060E-6,-3.818440E-7,5.342723E-6,-1.759016E+2,
1.107360E+2,3.504000E+3,-5.496690E-6,-4.619380E-7,5.516066E-6,-1.751962E+2,
1.109365E+2,3.481700E+3,-5.634530E-6,-6.035010E-7,5.666758E-6,-1.738865E+2,
1.111369E+2,3.471000E+3,-5.742560E-6,-5.886000E-7,5.772646E-6,-1.741477E+2,
1.111369E+2,3.471000E+3,-5.742560E-6,-5.886000E-7,5.887229E-6,-1.760087E+2,
1.115369E+2,3.438200E+3,-5.714620E-6,-5.196820E-7,5.738201E-6,-1.748039E+2,
1.115369E+2,3.438200E+3,-5.714620E-6,-5.196820E-7,5.720574E-6,-1.753309E+2,
1.119358E+2,3.406000E+3,-5.628940E-6,-3.408660E-7,5.639251E-6,-1.765346E+2,
1.121362E+2,3.396000E+3,-5.655020E-6,-3.688060E-7,5.667034E-6,-1.762686E+2,
1.123357E+2,3.373800E+3,-5.638260E-6,-4.284100E-7,5.654512E-6,-1.756549E+2,
1.125352E+2,3.363000E+3,-5.701590E-6,-3.669430E-7,5.713386E-6,-1.763176E+2,
1.127357E+2,3.354000E+3,-5.809620E-6,-2.775360E-7,5.816245E-6,-1.772650E+2,
1.129361E+2,3.330300E+3,-5.725800E-6,-4.284110E-8,5.725960E-6,-1.795713E+2,
1.131356E+2,3.321100E+3,-5.729530E-6,-8.381950E-8,5.730143E-6,-1.791619E+2,
1.133350E+2,3.299800E+3,-5.971670E-6,-3.166520E-8,5.971754E-6,-1.796962E+2,
1.133350E+2,3.299800E+3,-5.971670E-6,-3.166520E-8,5.973742E-6,-1.795176E+2,
1.137360E+2,3.280000E+3,-5.895300E-6,-7.636890E-8,5.895795E-6,-1.792578E+2,
1.139364E+2,3.254600E+3,-5.817070E-6,-6.146770E-8,5.817395E-6,-1.793946E+2,
1.141359E+2,3.245000E+3,-5.863640E-6,-1.769520E-7,5.866309E-6,-1.782715E+2,
1.143364E+2,3.224700E+3,-6.036860E-6,-2.738110E-7,6.043066E-6,-1.774030E+2,
1.145358E+2,3.214600E+3,-6.128130E-6,-3.650800E-7,6.138995E-6,-1.765907E+2,
1.145358E+2,3.214600E+3,-6.128130E-6,-3.650800E-7,6.082549E-6,-1.753981E+2,
1.149368E+2,3.182300E+3,-6.381450E-6,-8.195680E-7,6.433863E-6,-1.726816E+2,
1.151353E+2,3.170900E+3,-6.485760E-6,-8.437820E-7,6.540417E-6,-1.725876E+2,
1.153357E+2,3.149600E+3,-6.776330E-6,-9.443650E-7,6.841818E-6,-1.720662E+2,
1.155352E+2,3.138700E+3,-6.843390E-6,-7.543750E-7,6.884843E-6,-1.737095E+2,
1.157356E+2,3.128400E+3,-7.012890E-6,-6.537920E-7,7.043300E-6,-1.746739E+2,
1.159361E+2,3.108100E+3,-6.983090E-6,-5.476210E-7,7.004530E-6,-1.755160E+2,
1.161365E+2,3.089000E+3,-6.791230E-6,-8.195680E-8,6.791725E-6,-1.793086E+2,
1.163350E+2,3.077700E+3,-6.740940E-6,-3.539050E-8,6.741033E-6,-1.796992E+2,
1.165355E+2,3.068600E+3,-6.880640E-6,-5.960510E-8,6.880898E-6,-1.795037E+2,
1.167370E+2,3.045500E+3,-7.068770E-6,-1.583260E-7,7.070543E-6,-1.787169E+2,
1.169354E+2,3.035600E+3,-7.411490E-6,-1.750900E-7,7.413558E-6,-1.786467E+2,
1.171359E+2,3.023700E+3,-7.435710E-6,-1.750900E-7,7.438481E-6,-1.784360E+2,
1.173354E+2,3.002800E+3,-7.495310E-6,-2.961620E-7,7.501159E-6,-1.777373E+2,
1.175368E+2,2.993900E+3,-7.646220E-6,-3.092010E-7,7.652469E-6,-1.776843E+2,
1.177363E+2,2.970100E+3,-7.983360E-6,-1.508750E-7,7.984786E-6,-1.789173E+2,
1.177363E+2,2.970100E+3,-7.983360E-6,-1.508750E-7,7.831490E-6,-1.784872E+2,
1.181352E+2,2.939900E+3,-7.750520E-6,-2.235180E-7,7.753742E-6,-1.783481E+2,
1.183366E+2,2.931000E+3,-7.497180E-6,-2.421460E-7,7.501089E-6,-1.781501E+2,
1.185361E+2,2.909700E+3,-7.217780E-6,-8.568210E-8,7.218289E-6,-1.793199E+2,
1.187366E+2,2.900700E+3,-7.253170E-6,-1.080340E-7,7.253975E-6,-1.791467E+2,
1.189350E+2,2.887900E+3,-7.545600E-6,-2.104800E-7,7.548535E-6,-1.784022E+2,
1.191365E+2,2.867700E+3,-8.024330E-6,-4.228220E-7,8.035462E-6,-1.769837E+2,
1.193350E+2,2.857300E+3,-8.277650E-6,-5.457590E-7,8.295622E-6,-1.762279E+2,
1.195354E+2,2.837700E+3,-8.609200E-6,-3.483160E-7,8.616243E-6,-1.776832E+2,
1.197360E+2,2.837700E+3,-8.609200E-6,-3.483160E-7,8.530340E-6,-1.780479E+2,
1.199364E+2,2.807500E+3,-8.758220E-6,-1.918530E-7,8.760321E-6,-1.787451E+2,
1.199364E+2,2.807500E+3,-8.758220E-6,-1.918530E-7,8.626955E-6,-1.791340E+2,
1.203363E+2,2.777000E+3,-8.344710E-6,-2.142050E-7,8.347459E-6,-1.785296E+2,
1.205368E+2,2.765800E+3,-8.232950E-6,-3.539040E-7,8.240553E-6,-1.775386E+2,
1.207353E+2,2.746500E+3,-8.305590E-6,-5.662480E-7,8.324870E-6,-1.760998E+2,
1.209357E+2,2.735500E+3,-8.469510E-6,-5.643850E-7,8.488294E-6,-1.761876E+2,
1.211352E+2,2.715800E+3,-8.689300E-6,-6.444790E-7,8.713167E-6,-1.757582E+2,
1.213366E+2,2.705500E+3,-8.842030E-6,-8.083920E-7,8.878907E-6,-1.747762E+2,
1.215361E+2,2.685300E+3,-8.979870E-6,-7.394740E-7,9.010266E-6,-1.752924E+2,
1.217365E+2,2.672500E+3,-9.117710E-6,-6.873200E-7,9.143579E-6,-1.756890E+2,
1.219351E+2,2.663500E+3,-9.041340E-6,-6.444790E-7,9.064281E-6,-1.759228E+2,
1.221355E+2,2.642200E+3,-8.981730E-6,-5.196820E-7,8.996752E-6,-1.766886E+2,
1.223360E+2,2.633200E+3,-9.149370E-6,-4.861540E-7,9.162277E-6,-1.769584E+2,
1.225365E+2,2.609200E+3,-9.536800E-6,-2.570470E-7,9.540263E-6,-1.784561E+2,
1.227360E+2,2.600000E+3,-9.760320E-6,-1.285230E-7,9.761166E-6,-1.792456E+2,
1.229354E+2,2.587800E+3,-1.005090E-5,2.048920E-8,1.005092E-5,1.798832E+2,
1.231369E+2,2.566600E+3,-1.006950E-5,1.005830E-7,1.007000E-5,1.794277E+2,
1.233353E+2,2.557300E+3,-9.995010E-6,1.005830E-7,9.996235E-6,1.791032E+2,
1.235358E+2,2.536700E+3,-9.827370E-6,9.499540E-8,9.827829E-6,1.794462E+2,
1.235358E+2,2.536700E+3,-9.827370E-6,9.499540E-8,9.682309E-6,1.796142E+2,
1.239357E+2,2.503400E+3,-9.730520E-6,1.508750E-7,9.731690E-6,1.791117E+2,
1.241352E+2,2.493300E+3,-9.767770E-6,2.086170E-7,9.769998E-6,1.787765E+2,
1.243356E+2,2.482800E+3,-9.771490E-6,1.303860E-7,9.772360E-6,1.792355E+2,
1.245351E+2,2.460500E+3,-1.000430E-5,1.266610E-7,1.000510E-5,1.792746E+2,
1.247355E+2,2.449100E+3,-1.007880E-5,8.009420E-8,1.007912E-5,1.795447E+2,
1.249360E+2,2.429700E+3,-1.016640E-5,-1.061710E-7,1.016695E-5,-1.794017E+2,
1.251365E+2,2.418500E+3,-1.028190E-5,-5.401690E-8,1.028204E-5,-1.796990E+2,
1.253359E+2,2.398900E+3,-1.050910E-5,-2.440080E-7,1.051193E-5,-1.786699E+2,
1.253359E+2,2.398900E+3,-1.050910E-5,-2.440080E-7,1.029258E-5,-1.769605E+2,
1.257359E+2,2.376300E+3,-1.028190E-5,-5.736980E-7,1.029789E-5,-1.768064E+2,
1.259353E+2,2.355400E+3,-1.071400E-5,-2.812610E-7,1.071769E-5,-1.784962E+2,
1.261368E+2,2.336100E+3,-1.075870E-5,-2.477340E-7,1.076155E-5,-1.786809E+2,
1.263363E+2,2.325300E+3,-1.065630E-5,-3.147890E-7,1.066095E-5,-1.783080E+2,
1.265368E+2,2.316300E+3,-1.058170E-5,-3.706680E-7,1.058819E-5,-1.779938E+2,
1.267353E+2,2.316300E+3,-1.058170E-5,-3.706680E-7,1.058661E-5,-1.782557E+2,
1.269366E+2,2.283200E+3,-1.072330E-5,-1.750900E-7,1.072473E-5,-1.790646E+2,
1.271362E+2,2.262100E+3,-1.100640E-5,-4.097840E-8,1.100648E-5,-1.797867E+2,
1.273357E+2,2.253000E+3,-1.117970E-5,-8.568210E-8,1.118003E-5,-1.795609E+2,
1.275351E+2,2.240800E+3,-1.134730E-5,-2.197930E-7,1.134943E-5,-1.788903E+2,
1.277366E+2,2.219900E+3,-1.194330E-5,-2.458710E-7,1.194583E-5,-1.788206E+2,
1.277366E+2,2.219900E+3,-1.194330E-5,-2.458710E-7,1.221230E-5,-1.793883E+2,
1.281355E+2,2.210000E+3,-1.221160E-5,-1.303860E-7,1.263627E-5,1.798142E+2,
1.283359E+2,2.179300E+3,-1.262130E-5,7.264360E-8,1.262151E-5,1.796702E+2,
1.285354E+2,2.156300E+3,-1.268280E-5,1.862660E-8,1.268281E-5,1.799159E+2,
1.287358E+2,2.146900E+3,-1.278340E-5,-1.434250E-7,1.278420E-5,-1.793572E+2,
1.289363E+2,2.135700E+3,-1.303480E-5,-4.246850E-7,1.304172E-5,-1.781339E+2,
1.291368E+2,2.114300E+3,-1.334590E-5,-2.756730E-7,1.334875E-5,-1.788167E+2,
1.293352E+2,2.103200E+3,-1.338130E-5,-3.892950E-7,1.338696E-5,-1.783336E+2,
1.295357E+2,2.080900E+3,-1.376130E-5,-5.438960E-7,1.377204E-5,-1.777366E+2,
1.297352E+2,2.069700E+3,-1.401090E-5,-5.438960E-7,1.401972E-5,-1.779671E+2,
1.299357E+2,2.056800E+3,-1.399600E-5,-4.973300E-7,1.400845E-5,-1.775842E+2,
1.301351E+2,2.036900E+3,-1.440760E-5,-7.394740E-7,1.442656E-5,-1.770619E+2,
1.301351E+2,2.036900E+3,-1.440760E-5,-7.394740E-7,1.456247E-5,-1.766783E+2,
1.305351E+2,2.013800E+3,-1.466650E-5,-8.028040E-7,1.468846E-5,-1.768669E+2,
1.307354E+2,1.990400E+3,-1.455100E-5,-1.017010E-6,1.458650E-5,-1.760019E+2,
1.309368E+2,1.979800E+3,-1.464790E-5,-8.624080E-7,1.467327E-5,-1.766306E+2,
1.311363E+2,1.958900E+3,-1.497950E-5,-6.314400E-7,1.499280E-5,-1.775862E+2,
1.311363E+2,1.958900E+3,-1.497950E-5,-6.314400E-7,1.535042E-5,-1.784216E+2,
1.315351E+2,1.939600E+3,-1.536690E-5,-4.153720E-7,1.537251E-5,-1.784517E+2,
1.315351E+2,1.939600E+3,-1.536690E-5,-4.153720E-7,1.529113E-5,-1.781432E+2,
1.319351E+2,1.905900E+3,-1.536690E-5,-6.072260E-7,1.537889E-5,-1.777371E+2,
1.321365E+2,1.884600E+3,-1.558490E-5,-9.927970E-7,1.561649E-5,-1.763550E+2,
1.323351E+2,1.875300E+3,-1.585120E-5,-1.268470E-6,1.590187E-5,-1.754247E+2,
1.325365E+2,1.854400E+3,-1.645660E-5,-1.078480E-6,1.649190E-5,-1.762505E+2,
1.325365E+2,1.854400E+3,-1.645660E-5,-1.078480E-6,1.677974E-5,-1.769839E+2,
1.329365E+2,1.824500E+3,-1.726680E-5,-5.941870E-7,1.727702E-5,-1.780291E+2,
1.331369E+2,1.814200E+3,-1.750900E-5,-5.550720E-7,1.751780E-5,-1.781842E+2,
1.333364E+2,1.794700E+3,-1.768780E-5,-3.948830E-7,1.769221E-5,-1.787211E+2,
1.335359E+2,1.783900E+3,-1.776040E-5,-2.179300E-7,1.776174E-5,-1.792970E+2,
1.337353E+2,1.771200E+3,-1.773440E-5,-3.371410E-7,1.773760E-5,-1.789109E+2,
1.339368E+2,1.750300E+3,-1.749780E-5,-3.911570E-7,1.750217E-5,-1.787194E+2,
1.339368E+2,1.750300E+3,-1.749780E-5,-3.911570E-7,1.748212E-5,-1.780217E+2,
1.341352E+2,1.739300E+3,-1.747170E-5,-6.035010E-7,1.783290E-5,-1.783600E+2,
1.345352E+2,1.709400E+3,-1.812740E-5,-4.712510E-7,1.813352E-5,-1.785108E+2,
1.347367E+2,1.690500E+3,-1.846270E-5,-5.457590E-7,1.847076E-5,-1.783068E+2,
1.349361E+2,1.679600E+3,-1.850360E-5,-4.898790E-7,1.851008E-5,-1.784835E+2,
1.351355E+2,1.660600E+3,-1.832300E-5,-3.259650E-7,1.832590E-5,-1.789808E+2,
1.353361E+2,1.649900E+3,-1.847380E-5,-4.339980E-7,1.847890E-5,-1.786542E+2,
1.355365E+2,1.628700E+3,-1.879980E-5,-7.059460E-7,1.881305E-5,-1.778495E+2,
1.357359E+2,1.617500E+3,-1.895440E-5,-6.631050E-7,1.896600E-5,-1.779964E+2,
1.359364E+2,1.608500E+3,-1.895630E-5,-5.736980E-7,1.896498E-5,-1.782665E+2,
1.361369E+2,1.585400E+3,-1.887240E-5,-4.265480E-7,1.887722E-5,-1.787052E+2,
1.363354E+2,1.575600E+3,-1.888360E-5,-4.731140E-7,1.888953E-5,-1.785648E+2,
1.365358E+2,1.553300E+3,-1.896930E-5,-3.501790E-7,1.897253E-5,-1.789424E+2,
1.367363E+2,1.542400E+3,-1.910340E-5,-4.526250E-7,1.910876E-5,-1.786427E+2,
1.369358E+2,1.530400E+3,-1.932880E-5,-5.550720E-7,1.933677E-5,-1.783551E+2,
1.371362E+2,1.509500E+3,-1.986340E-5,-8.177050E-7,1.988022E-5,-1.776427E+2,
1.373357E+2,1.500100E+3,-2.013340E-5,-9.220130E-7,2.015450E-5,-1.773780E+2,
1.375351E+2,1.478900E+3,-2.059170E-5,-8.083920E-7,2.060756E-5,-1.777518E+2,
1.377356E+2,1.469900E+3,-2.067360E-5,-5.401710E-7,2.068066E-5,-1.785033E+2,
1.379351E+2,1.448600E+3,-2.082640E-5,-1.862650E-7,2.082723E-5,-1.794876E+2,
1.381355E+2,1.439600E+3,-2.060280E-5,-2.216560E-7,2.060399E-5,-1.793836E+2,
1.381355E+2,1.439600E+3,-2.060280E-5,-2.216560E-7,2.013105E-5,-1.793373E+2,
1.385354E+2,1.406800E+3,-1.967150E-5,-3.967450E-7,1.967550E-5,-1.788446E+2,
1.387369E+2,1.396600E+3,-1.945730E-5,-2.868490E-7,1.945941E-5,-1.791554E+2,
1.389354E+2,1.374400E+3,-1.926550E-5,-8.177050E-7,1.928285E-5,-1.775696E+2,
1.391359E+2,1.363900E+3,-1.894690E-5,-9.015240E-7,1.896834E-5,-1.772758E+2,
1.393363E+2,1.351300E+3,-1.870850E-5,-9.033870E-7,1.873030E-5,-1.772355E+2,
1.395368E+2,1.333000E+3,-1.795970E-5,-9.629950E-7,1.798550E-5,-1.769308E+2,
1.397363E+2,1.322300E+3,-1.732270E-5,-1.050540E-6,1.735453E-5,-1.765295E+2,
1.399357E+2,1.304100E+3,-1.609340E-5,-1.067300E-6,1.612875E-5,-1.762058E+2,
1.399357E+2,1.304100E+3,-1.609340E-5,-1.067300E-6,1.567733E-5,-1.760827E+2,
1.403357E+2,1.275600E+3,-1.466470E-5,-8.251550E-7,1.468790E-5,-1.767795E+2,
1.405351E+2,1.266200E+3,-1.393450E-5,-7.133970E-7,1.395275E-5,-1.770692E+2,
1.405351E+2,1.266200E+3,-1.393450E-5,-7.133970E-7,1.249096E-5,-1.772050E+2,
1.409361E+2,1.236200E+3,-1.151490E-5,-5.383080E-7,1.152748E-5,-1.773234E+2,
1.411365E+2,1.218700E+3,-9.369160E-6,-2.700850E-7,9.373052E-6,-1.783488E+2,
1.413360E+2,1.209200E+3,-8.156580E-6,-1.434250E-7,8.157841E-6,-1.789926E+2,
1.415354E+2,1.201400E+3,-6.781920E-6,-1.359740E-7,6.783283E-6,-1.788514E+2,
1.417369E+2,1.182700E+3,-4.043830E-6,-5.215430E-8,4.044166E-6,-1.792611E+2,
1.419363E+2,1.174600E+3,-2.767910E-6,-5.215430E-8,2.770557E-6,-1.774954E+2,
1.421368E+2,1.164600E+3,-1.022600E-6,-2.607720E-7,1.055326E-6,-1.656940E+2,
1.423353E+2,1.143300E+3,2.063830E-6,-3.892950E-7,2.100225E-6,-1.068205E+1,
1.425358E+2,1.135200E+3,3.855700E-6,-3.892950E-7,3.873476E-6,-5.491259E+0,
1.427363E+2,1.117500E+3,6.625460E-6,-6.146770E-8,6.625745E-6,-5.315463E-1,
1.429357E+2,1.108900E+3,7.983360E-6,-1.098970E-7,7.984116E-6,-7.886700E-1,
1.431352E+2,1.092000E+3,1.092820E-5,-1.117590E-7,1.092877E-5,-5.859241E-1,
1.433356E+2,1.081400E+3,1.197870E-5,-1.769520E-7,1.198001E-5,-8.463244E-1,
1.435361E+2,1.071600E+3,1.324910E-5,-2.514590E-7,1.325149E-5,-1.087305E+0,
1.435361E+2,1.071600E+3,1.324910E-5,-2.514590E-7,1.599857E-5,-9.206039E-1,
1.439351E+2,1.044600E+3,1.705820E-5,-1.303860E-7,1.705870E-5,-4.379373E-1,
1.439351E+2,1.044600E+3,1.705820E-5,-1.303860E-7,1.873542E-5,1.258978E+0,
1.443359E+2,1.017600E+3,1.946660E-5,1.844030E-7,1.946747E-5,5.427346E-1,
1.443359E+2,1.017600E+3,1.946660E-5,1.844030E-7,2.063483E-5,3.258337E-1,
1.447369E+2,9.919000E+2,2.124920E-5,1.452870E-7,2.124970E-5,3.917419E-1,
1.449364E+2,9.759000E+2,2.170740E-5,3.110640E-7,2.170963E-5,8.209843E-1,
1.451368E+2,9.665000E+2,2.197930E-5,1.583260E-7,2.197987E-5,4.127181E-1,
1.453358E+2,9.583000E+2,2.204640E-5,3.464540E-7,2.204912E-5,9.003156E-1,
1.455357E+2,9.410000E+2,2.201840E-5,3.296900E-7,2.202087E-5,8.578477E-1,
1.457362E+2,9.253000E+2,2.205200E-5,2.477340E-7,2.205339E-5,6.436385E-1,
1.459356E+2,9.159000E+2,2.214880E-5,4.209600E-7,2.215280E-5,1.088832E+0,
1.459356E+2,9.159000E+2,2.214880E-5,4.209600E-7,2.219525E-5,1.024229E+0,
1.463368E+2,8.909000E+2,2.205570E-5,-2.235190E-8,2.205571E-5,-5.806522E-2,
1.465354E+2,8.838000E+2,2.173530E-5,-1.918530E-7,2.173615E-5,-5.057249E-1,
1.467359E+2,8.638000E+2,2.150250E-5,-3.650800E-7,2.150560E-5,-9.727024E-1,
1.469353E+2,8.563000E+2,2.150250E-5,-3.650800E-7,2.130443E-5,-6.161657E-1,
1.471357E+2,8.387000E+2,2.105170E-5,-1.676390E-8,2.105171E-5,-4.562579E-2,
1.473352E+2,8.316000E+2,2.104060E-5,1.806770E-7,2.104138E-5,4.919905E-1,
1.475367E+2,8.139000E+2,2.095110E-5,3.129260E-7,2.095344E-5,8.557072E-1,
1.477361E+2,8.067000E+2,2.058790E-5,5.271320E-7,2.059465E-5,1.466679E+0,
1.479366E+2,7.892000E+2,1.998260E-5,5.643850E-7,1.999057E-5,1.617822E+0,
1.479366E+2,7.892000E+2,1.998260E-5,5.643850E-7,1.993082E-5,1.408413E+0,
1.483356E+2,7.647000E+2,2.003660E-5,2.216560E-7,2.003783E-5,6.338119E-1,
1.485360E+2,7.566000E+2,1.994160E-5,1.620510E-7,1.994226E-5,4.655912E-1,
1.487355E+2,7.402000E+2,1.937720E-5,4.041960E-7,1.938142E-5,1.194980E+0,
1.489369E+2,7.317000E+2,1.947220E-5,3.315530E-7,1.947502E-5,9.754806E-1,
1.491354E+2,7.229000E+2,1.936050E-5,3.930200E-7,1.936449E-5,1.162950E+0,
1.491354E+2,7.229000E+2,1.936050E-5,3.930200E-7,1.925926E-5,1.529597E+0,
1.495354E+2,6.988000E+2,1.893580E-5,5.513470E-7,1.894382E-5,1.667790E+0,
1.497368E+2,6.824000E+2,1.855210E-5,2.104800E-7,1.855329E-5,6.500126E-1,
1.499362E+2,6.748000E+2,1.820370E-5,3.632180E-7,1.820732E-5,1.143070E+0,
1.499362E+2,6.748000E+2,1.820370E-5,3.632180E-7,1.822159E-5,6.267019E-1,
1.503362E+2,6.511000E+2,1.809200E-5,3.390030E-7,1.809518E-5,1.073467E+0,
1.505367E+2,6.341000E+2,1.804910E-5,2.086170E-7,1.805031E-5,6.622126E-1,
1.507351E+2,6.273000E+2,1.828760E-5,1.080340E-7,1.828792E-5,3.384709E-1,
1.509356E+2,6.083000E+2,1.856320E-5,9.313280E-9,1.856320E-5,2.874567E-2,
1.511361E+2,6.012000E+2,1.852230E-5,5.401690E-8,1.852238E-5,1.670922E-1,
1.513366E+2,5.844000E+2,1.832480E-5,-2.458710E-7,1.832645E-5,-7.687137E-1,
1.515350E+2,5.844000E+2,1.832480E-5,-2.458710E-7,1.802076E-5,-1.089749E+0,
1.517365E+2,5.681000E+2,1.769340E-5,-4.470370E-7,1.769905E-5,-1.447313E+0,
1.519370E+2,5.493000E+2,1.772320E-5,-5.215440E-7,1.773087E-5,-1.685567E+0,
1.519370E+2,5.493000E+2,1.772320E-5,-5.215440E-7,1.754323E-5,-1.539280E+0,
1.523359E+2,5.340000E+2,1.738790E-5,-5.010550E-7,1.739512E-5,-1.650596E+0,
1.525353E+2,5.169000E+2,1.703400E-5,-4.153720E-7,1.703906E-5,-1.396874E+0,
1.527359E+2,5.093000E+2,1.664100E-5,-1.434250E-7,1.664162E-5,-4.938071E-1,
1.529355E+2,4.913000E+2,1.677510E-5,-2.346940E-7,1.677674E-5,-8.015510E-1,
1.531356E+2,4.843000E+2,1.672850E-5,-1.750900E-7,1.672942E-5,-5.996683E-1,
1.533367E+2,4.597000E+2,1.703960E-5,-3.129260E-7,1.704247E-5,-1.052098E+0,
1.535364E+2,4.376000E+2,1.703960E-5,-3.129260E-7,1.729375E-5,-1.314568E+0,
1.537363E+2,4.193000E+2,1.778090E-5,-4.265480E-7,1.778602E-5,-1.374211E+0,
1.539354E+2,3.702000E+2,1.854090E-5,-5.103680E-7,1.854792E-5,-1.576760E+0,
1.541351E+2,3.481000E+2,1.870290E-5,-2.700850E-7,1.870485E-5,-8.273399E-1,
1.543352E+2,2.989000E+2,1.870290E-5,-2.700850E-7,1.942155E-5,-1.544297E+0,
1.545354E+2,2.747000E+2,1.949460E-5,-4.582130E-7,1.949998E-5,-1.346467E+0,
1.547364E+2,2.424000E+2,1.927850E-5,-5.550720E-7,1.928649E-5,-1.649221E+0,
1.549356E+2,1.880000E+2,1.833600E-5,-4.265480E-7,1.834096E-5,-1.332624E+0,
1.551365E+2,1.604000E+2,1.784050E-5,-4.787030E-7,1.784692E-5,-1.537013E+0,
1.553353E+2,1.044000E+2,1.686080E-5,-2.738110E-7,1.686302E-5,-9.303732E-1,
1.555359E+2,7.570000E+1,1.655900E-5,-2.756730E-7,1.656129E-5,-9.537678E-1,
1.555359E+2,7.570000E+1,1.655900E-5,-2.756730E-7,1.333107E-5,1.841277E-1,
1.559355E+2,-9.800000E+0,1.060220E-5,2.160680E-7,1.060440E-5,1.167500E+0,
1.561365E+2,-6.540000E+1,3.248470E-6,4.041960E-7,3.273520E-6,7.092665E+0,
1.563369E+2,-9.460000E+1,1.676390E-8,2.738110E-7,2.743237E-7,8.649648E+1,
1.565359E+2,-9.460000E+1,1.676390E-8,2.738110E-7,5.779831E-6,-1.798892E+2,
1.567355E+2,-1.774000E+2,-8.974280E-6,-7.078100E-8,8.974559E-6,-1.795481E+2,
1.569357E+2,-2.359000E+2,-1.285600E-5,2.272440E-7,1.285801E-5,1.789873E+2,
1.569357E+2,-2.359000E+2,-1.285600E-5,2.272440E-7,1.464053E-5,1.779439E+2,
1.573352E+2,-2.949000E+2,-1.593500E-5,6.128140E-7,1.594678E-5,1.777977E+2,
1.573352E+2,-2.949000E+2,-1.593500E-5,6.128140E-7,1.791026E-5,1.787069E+2,
1.577357E+2,-3.735000E+2,-1.858000E-5,4.135090E-7,1.858460E-5,1.787251E+2,
