Sample Name, Varga_5_4_9.46G
Freq, 9.46, GHz, Power, 10, dBm
SR850: f = 25 Hz; phase = 96 deg; output = 5 V; sens. = 100 uV; tc = 300 ms; 12dB/oct
Time,Field,X,Y,R,theta
s,Oe,V,V,V,deg
4.490000E-5,-7.132000E+2,-1.002110E-6,-2.235190E-8,1.002359E-6,-1.787222E+2
7.280100E-2,-7.132000E+2,-1.002110E-6,-2.235190E-8,1.002359E-6,-1.787222E+2
2.727514E-1,-7.136000E+2,-9.536820E-7,-1.154840E-7,9.606487E-7,-1.730955E+2
4.727757E-1,-7.118000E+2,-1.028190E-6,-4.842900E-8,1.029330E-6,-1.773033E+2
6.737553E-1,-7.081000E+2,-1.102690E-6,2.607710E-8,1.102998E-6,1.786453E+2
8.738397E-1,-6.905000E+2,-9.797590E-7,-8.940740E-8,9.838300E-7,-1.747859E+2
1.072769E+0,-6.813000E+2,-1.065440E-6,7.450640E-9,1.065466E-6,1.795993E+2
1.272765E+0,-6.576000E+2,-9.723080E-7,-5.215430E-8,9.737058E-7,-1.769296E+2
1.272765E+0,-6.576000E+2,-9.723080E-7,-5.215430E-8,9.737058E-7,-1.769296E+2
1.672759E+0,-6.174000E+2,-8.866230E-7,-7.078100E-8,8.894438E-7,-1.754356E+2
1.873797E+0,-6.045000E+2,-9.946600E-7,4.470370E-8,9.956641E-7,1.774267E+2
2.073820E+0,-5.748000E+2,-9.574070E-7,5.215430E-8,9.588265E-7,1.768819E+2
2.273765E+0,-5.615000E+2,-8.568200E-7,-5.587960E-8,8.586402E-7,-1.762686E+2
2.472781E+0,-5.329000E+2,-9.313260E-7,3.352780E-8,9.319293E-7,1.779382E+2
2.672741E+0,-5.200000E+2,-8.046660E-7,-6.705570E-8,8.074552E-7,-1.752363E+2
2.872824E+0,-4.904000E+2,-7.785890E-7,-3.725310E-8,7.794797E-7,-1.772607E+2
3.072787E+0,-4.795000E+2,-8.456450E-7,5.587960E-8,8.474892E-7,1.762194E+2
3.272780E+0,-4.556000E+2,-7.636880E-7,7.450640E-9,7.637243E-7,1.794410E+2
3.472802E+0,-4.457000E+2,-7.823150E-7,2.980250E-8,7.828825E-7,1.778184E+2
3.672803E+0,-4.342000E+2,-6.258520E-7,-9.685800E-8,6.333026E-7,-1.712026E+2
3.872780E+0,-4.158000E+2,-6.035010E-7,-1.005830E-7,6.118255E-7,-1.705377E+2
4.073790E+0,-4.054000E+2,-7.003580E-7,3.725320E-9,7.003679E-7,1.796952E+2
4.272813E+0,-3.882000E+2,-6.370280E-7,-3.725310E-8,6.381163E-7,-1.766532E+2
4.473788E+0,-3.783000E+2,-5.550720E-7,-1.005830E-7,5.641116E-7,-1.697291E+2
4.672823E+0,-3.586000E+2,-5.886000E-7,-1.490130E-8,5.887886E-7,-1.785498E+2
4.872816E+0,-3.481000E+2,-4.768410E-7,-8.568210E-8,4.844778E-7,-1.698134E+2
5.072747E+0,-3.293000E+2,-4.693880E-7,-6.705570E-8,4.741535E-7,-1.718699E+2
5.273820E+0,-3.183000E+2,-4.246850E-7,-1.005830E-7,4.364336E-7,-1.666755E+2
5.472870E+0,-2.985000E+2,-4.656630E-7,-1.862660E-8,4.660354E-7,-1.777094E+2
5.672761E+0,-2.875000E+2,-5.066430E-7,5.587960E-8,5.097153E-7,1.737061E+2
5.872799E+0,-2.751000E+2,-4.842910E-7,5.215430E-8,4.870912E-7,1.738534E+2
6.072781E+0,-2.535000E+2,-3.539040E-7,-5.587960E-8,3.582884E-7,-1.710274E+2
6.272747E+0,-2.441000E+2,-4.544870E-7,3.725310E-8,4.560112E-7,1.753141E+2
6.472796E+0,-2.226000E+2,-3.241020E-7,-7.078100E-8,3.317409E-7,-1.676805E+2
6.673836E+0,-2.103000E+2,-3.948830E-7,0.000000E+0,3.948830E-7,1.800000E+2
6.872804E+0,-1.999000E+2,-3.092010E-7,-6.705570E-8,3.163886E-7,-1.677639E+2
7.073781E+0,-1.774000E+2,-3.464540E-7,2.980250E-8,3.477335E-7,1.750834E+2
7.272802E+0,-1.678000E+2,-3.390030E-7,2.607710E-8,3.400045E-7,1.756013E+2
7.472780E+0,-1.478000E+2,-2.943000E-7,1.862660E-8,2.948889E-7,1.763785E+2
7.672778E+0,-1.376000E+2,-1.750900E-7,-8.568210E-8,1.949306E-7,-1.539247E+2
7.873775E+0,-1.181000E+2,-1.043090E-7,-1.005830E-7,1.449045E-7,-1.360418E+2
8.072838E+0,-1.057000E+2,-2.160680E-7,1.490130E-8,2.165812E-7,1.760548E+2
8.272768E+0,-9.460000E+1,-6.705570E-8,-8.940740E-8,1.117593E-7,-1.268700E+2
8.472787E+0,-7.540000E+1,-2.980250E-8,-1.005830E-7,1.049053E-7,-1.065044E+2
8.672811E+0,-6.430000E+1,-9.685800E-8,-3.725310E-8,1.037751E-7,-1.589625E+2
8.872826E+0,-4.310000E+1,-3.352780E-8,-3.352780E-8,4.741547E-8,-1.350000E+2
9.072787E+0,-3.180000E+1,1.192100E-7,-1.490130E-7,1.908295E-7,-5.134029E+1
9.273987E+0,-2.210000E+1,9.313270E-8,-8.195680E-8,1.240589E-7,-4.134779E+1
9.472786E+0,9.000000E-1,1.601880E-7,-1.303860E-7,2.065447E-7,-3.914408E+1
9.672830E+0,1.130000E+1,1.043090E-7,-8.940740E-8,1.373829E-7,-4.060120E+1
9.872825E+0,3.170000E+1,-9.313270E-8,1.862660E-8,9.497710E-8,1.686900E+2
1.007284E+1,4.150000E+1,-9.685800E-8,0.000000E+0,9.685800E-8,1.800000E+2
1.027282E+1,6.210000E+1,-3.352780E-8,-2.980250E-8,4.485869E-8,-1.383665E+2
1.047286E+1,7.120000E+1,-8.940740E-8,3.352780E-8,9.548715E-8,1.594439E+2
1.067381E+1,9.230000E+1,0.000000E+0,6.333040E-8,6.333040E-8,9.000000E+1
1.087278E+1,1.041000E+2,9.685800E-8,-4.842900E-8,1.082905E-7,-2.656505E+1
1.107278E+1,1.163000E+2,0.000000E+0,5.587960E-8,5.587960E-8,9.000000E+1
1.127386E+1,1.373000E+2,1.192100E-7,-3.725310E-8,1.248952E-7,-1.735401E+1
1.147382E+1,1.468000E+2,1.266610E-7,-2.980250E-8,1.301199E-7,-1.324048E+1
1.167280E+1,1.707000E+2,1.378370E-7,-7.450640E-9,1.380382E-7,-3.094055E+0
1.187280E+1,1.797000E+2,7.823160E-8,8.195680E-8,1.133009E-7,4.633218E+1
1.207379E+1,1.908000E+2,1.266610E-7,6.333040E-8,1.416113E-7,2.656502E+1
1.227281E+1,2.129000E+2,1.341110E-7,9.685800E-8,1.654304E-7,3.583767E+1
1.247286E+1,2.233000E+2,2.980250E-7,-5.215430E-8,3.025541E-7,-9.926232E+0
1.267280E+1,2.429000E+2,1.750900E-7,8.940740E-8,1.965965E-7,2.705053E+1
1.287278E+1,2.536000E+2,2.384200E-7,4.097840E-8,2.419159E-7,9.752416E+0
1.307282E+1,2.665000E+2,3.613550E-7,-6.705570E-8,3.675240E-7,-1.051265E+1
1.327384E+1,2.886000E+2,3.017500E-7,2.607710E-8,3.028747E-7,4.939204E+0
1.347278E+1,2.989000E+2,4.172340E-7,-7.078100E-8,4.231952E-7,-9.628187E+0
1.367281E+1,3.183000E+2,4.507620E-7,-6.705570E-8,4.557223E-7,-8.461313E+0
1.387286E+1,3.296000E+2,3.874320E-7,2.607710E-8,3.883086E-7,3.850631E+0
1.407276E+1,3.493000E+2,4.395860E-7,2.980250E-8,4.405951E-7,3.878532E+0
1.427383E+1,3.608000E+2,5.401710E-7,-5.587960E-8,5.430536E-7,-5.906125E+0
1.447284E+1,3.732000E+2,4.358610E-7,5.960510E-8,4.399177E-7,7.787041E+0
1.467378E+1,3.946000E+2,5.066430E-7,-2.235190E-8,5.071358E-7,-2.526117E+0
1.487381E+1,4.039000E+2,5.736980E-7,-6.705570E-8,5.776036E-7,-6.666669E+0
1.507278E+1,4.164000E+2,4.507620E-7,6.705570E-8,4.557223E-7,8.461313E+0
1.527277E+1,4.403000E+2,5.662480E-7,3.725320E-9,5.662603E-7,3.769409E-1
1.547280E+1,4.494000E+2,5.476210E-7,4.097840E-8,5.491521E-7,4.279459E+0
1.567284E+1,4.709000E+2,6.407540E-7,0.000000E+0,6.407540E-7,0.000000E+0
1.587278E+1,4.829000E+2,5.774240E-7,7.450630E-8,5.822110E-7,7.352377E+0
1.607281E+1,5.041000E+2,7.450620E-7,-5.587960E-8,7.471545E-7,-4.289150E+0
1.607281E+1,5.041000E+2,7.450620E-7,-5.587960E-8,6.788345E-7,2.831004E+0
1.647277E+1,5.343000E+2,7.189850E-7,2.980250E-8,7.196024E-7,2.373597E+0
1.667291E+1,5.435000E+2,6.817320E-7,8.940740E-8,6.875698E-7,7.471553E+0
1.687384E+1,5.547000E+2,7.860400E-7,1.490130E-8,7.861812E-7,1.086051E+0
1.707379E+1,5.769000E+2,7.562380E-7,5.960510E-8,7.585833E-7,4.506617E+0
1.727282E+1,5.875000E+2,7.748640E-7,4.842900E-8,7.763759E-7,3.576334E+0
1.747379E+1,6.110000E+2,8.307430E-7,7.450640E-9,8.307764E-7,5.138518E-1
1.767280E+1,6.208000E+2,7.972160E-7,6.705570E-8,8.000311E-7,4.807965E+0
1.787282E+1,6.353000E+2,9.164250E-7,-4.470370E-8,9.175147E-7,-2.792705E+0
1.807277E+1,6.551000E+2,8.307430E-7,5.960510E-8,8.328786E-7,4.103891E+0
1.827281E+1,6.658000E+2,9.797590E-7,-6.333040E-8,9.818037E-7,-3.698383E+0
1.827281E+1,6.658000E+2,9.797590E-7,-6.333040E-8,1.006674E-6,-2.332967E+0
1.867383E+1,6.973000E+2,1.013290E-6,-2.980250E-8,1.013728E-6,-1.684676E+0
1.887286E+1,7.176000E+2,1.002110E-6,2.607710E-8,1.002449E-6,1.490625E+0
1.907282E+1,7.293000E+2,1.069170E-6,-3.352780E-8,1.069696E-6,-1.796134E+0
1.927278E+1,7.420000E+2,9.834840E-7,2.607710E-8,9.838297E-7,1.518843E+0
1.947277E+1,7.638000E+2,1.076620E-6,-1.490130E-8,1.076723E-6,-7.929698E-1
1.967380E+1,7.765000E+2,1.061720E-6,0.000000E+0,1.061720E-6,0.000000E+0
1.987280E+1,7.861000E+2,9.499530E-7,1.117590E-7,9.565045E-7,6.709826E+0
2.007381E+1,8.107000E+2,1.106420E-6,-3.352780E-8,1.106928E-6,-1.735701E+0
2.027277E+1,8.199000E+2,9.723080E-7,9.313270E-8,9.767582E-7,5.471395E+0
2.027277E+1,8.199000E+2,9.723080E-7,9.313270E-8,1.152476E-6,-2.779166E+0
2.067281E+1,8.539000E+2,1.043090E-6,5.215430E-8,1.044393E-6,2.862394E+0
2.087277E+1,8.644000E+2,1.028190E-6,7.078100E-8,1.030623E-6,3.938051E+0
2.107280E+1,8.882000E+2,1.117590E-6,7.450640E-9,1.117615E-6,3.819683E-1
2.127386E+1,8.979000E+2,1.139950E-6,-3.725320E-9,1.139956E-6,-1.872401E-1
2.147282E+1,9.226000E+2,1.162300E-6,-1.117590E-8,1.162354E-6,-5.509010E-1
2.167386E+1,9.320000E+2,1.166020E-6,-7.450640E-9,1.166044E-6,-3.661039E-1
2.187283E+1,9.541000E+2,1.091520E-6,5.587960E-8,1.092949E-6,2.930659E+0
2.207377E+1,9.637000E+2,1.035640E-6,9.685800E-8,1.040159E-6,5.343033E+0
2.227283E+1,9.755000E+2,1.098970E-6,3.725320E-9,1.098976E-6,1.942221E-1
2.247382E+1,9.957000E+2,1.151120E-6,-3.725310E-8,1.151723E-6,-1.853587E+0
2.267379E+1,1.017100E+3,1.035640E-6,4.842900E-8,1.036772E-6,2.677337E+0
2.287281E+1,1.027700E+3,1.151120E-6,-6.333040E-8,1.152861E-6,-3.149029E+0
2.307277E+1,1.039200E+3,1.017010E-6,8.195680E-8,1.020307E-6,4.607283E+0
2.327285E+1,1.061500E+3,1.061720E-6,4.097840E-8,1.062511E-6,2.210305E+0
2.327285E+1,1.061500E+3,1.061720E-6,4.097840E-8,9.986702E-7,5.136365E+0
2.367385E+1,1.095400E+3,9.574070E-7,1.005830E-7,9.626760E-7,5.997364E+0
2.387281E+1,1.106600E+3,9.760330E-7,8.568210E-8,9.797866E-7,5.016910E+0
2.407383E+1,1.117100E+3,9.611320E-7,1.005830E-7,9.663807E-7,5.974289E+0
2.427280E+1,1.138100E+3,1.076620E-6,-3.725310E-8,1.077264E-6,-1.981752E+0
2.447277E+1,1.148000E+3,9.499530E-7,7.078100E-8,9.525863E-7,4.261235E+0
2.467281E+1,1.169300E+3,9.425020E-7,6.333040E-8,9.446273E-7,3.844149E+0
2.487280E+1,1.178600E+3,8.903480E-7,9.313270E-8,8.952057E-7,5.971570E+0
2.507284E+1,1.200200E+3,9.983850E-7,-4.842900E-8,9.995589E-7,-2.777089E+0
2.527381E+1,1.209400E+3,9.574070E-7,-3.352780E-8,9.579939E-7,-2.005643E+0
2.547386E+1,1.231000E+3,8.381940E-7,5.215430E-8,8.398150E-7,3.560481E+0
2.567281E+1,1.240100E+3,8.083920E-7,7.823160E-8,8.121686E-7,5.527548E+0
2.587282E+1,1.261400E+3,8.344690E-7,3.352780E-8,8.351423E-7,2.300827E+0
2.607282E+1,1.273800E+3,7.525120E-7,8.195680E-8,7.569618E-7,6.215640E+0
2.627280E+1,1.294700E+3,6.817320E-7,1.080340E-7,6.902390E-7,9.004777E+0
2.647281E+1,1.303700E+3,6.780060E-7,9.313270E-8,6.843726E-7,7.821353E+0
2.667278E+1,1.324800E+3,6.742810E-7,5.215430E-8,6.762950E-7,4.422909E+0
2.687381E+1,1.333800E+3,6.109510E-7,9.313270E-8,6.180088E-7,8.667381E+0
2.707283E+1,1.345100E+3,6.109510E-7,8.195680E-8,6.164236E-7,7.640403E+0
2.727385E+1,1.364400E+3,6.333030E-7,3.725310E-8,6.343977E-7,3.366459E+0
2.727385E+1,1.364400E+3,6.333030E-7,3.725310E-8,5.558715E-7,3.073330E+0
2.767281E+1,1.394900E+3,4.991930E-7,6.705570E-8,5.036766E-7,7.650643E+0
2.787277E+1,1.408200E+3,6.109510E-7,-6.705570E-8,6.146199E-7,-6.263500E+0
2.807374E+1,1.418200E+3,5.029180E-7,0.000000E+0,5.029180E-7,0.000000E+0
2.827277E+1,1.441800E+3,4.917420E-7,-6.705570E-8,4.962929E-7,-7.765163E+0
2.847279E+1,1.451300E+3,4.172340E-7,-7.450640E-9,4.173005E-7,-1.023035E+0
2.867278E+1,1.474200E+3,3.688060E-7,2.607710E-8,3.697268E-7,4.044471E+0
2.887383E+1,1.484600E+3,2.570470E-7,1.043090E-7,2.774050E-7,2.208719E+1
2.907281E+1,1.493500E+3,3.390030E-7,0.000000E+0,3.390030E-7,0.000000E+0
2.927277E+1,1.517400E+3,3.129260E-7,-3.725320E-9,3.129482E-7,-6.820623E-1
2.947280E+1,1.526400E+3,2.458710E-7,5.960510E-8,2.529927E-7,1.362700E+1
2.967284E+1,1.547500E+3,2.011670E-7,6.333040E-8,2.109002E-7,1.747479E+1
2.987384E+1,1.559500E+3,1.937160E-7,3.352780E-8,1.965960E-7,9.819310E+0
3.007281E+1,1.580400E+3,2.719480E-7,-7.078100E-8,2.810083E-7,-1.458892E+1
3.027282E+1,1.589500E+3,1.937160E-7,-1.862660E-8,1.946095E-7,-5.492343E+0
3.047279E+1,1.601600E+3,9.313270E-8,8.568210E-8,1.265509E-7,4.261406E+1
3.067389E+1,1.622700E+3,1.415620E-7,-5.587960E-8,1.521918E-7,-2.154093E+1
3.087380E+1,1.634800E+3,-7.450640E-9,7.823160E-8,7.858559E-8,9.544034E+1
3.107380E+1,1.645200E+3,7.823160E-8,-3.725310E-8,8.664858E-8,-2.546332E+1
3.127282E+1,1.668000E+3,-3.352780E-8,3.352780E-8,4.741547E-8,1.350000E+2
3.147283E+1,1.678800E+3,-3.352780E-8,7.450640E-9,3.434568E-8,1.674712E+2
3.167280E+1,1.698000E+3,-9.685800E-8,3.352780E-8,1.024968E-7,1.609065E+2
3.187285E+1,1.708300E+3,1.117590E-8,-8.195680E-8,8.271528E-8,-8.223485E+1
3.207284E+1,1.722200E+3,-2.235190E-8,-5.960510E-8,6.365827E-8,-1.105560E+2
3.227282E+1,1.741800E+3,-1.005830E-7,-2.235190E-8,1.030366E-7,-1.674711E+2
3.247386E+1,1.754900E+3,-2.235190E-8,-8.195680E-8,8.495013E-8,-1.052552E+2
3.267279E+1,1.764400E+3,-7.823160E-8,-1.490130E-8,7.963813E-8,-1.692157E+2
3.287277E+1,1.787200E+3,-8.568210E-8,-5.587960E-8,1.022935E-7,-1.468887E+2
3.307282E+1,1.797500E+3,-1.899910E-7,5.215430E-8,1.970194E-7,1.646499E+2
3.327385E+1,1.817500E+3,-9.685800E-8,-6.705570E-8,1.178047E-7,-1.453048E+2
3.347281E+1,1.827300E+3,-1.937160E-7,-1.862660E-8,1.946095E-7,-1.745077E+2
3.367376E+1,1.848100E+3,-1.303860E-7,-1.266610E-7,1.817788E-7,-1.358302E+2
3.387276E+1,1.857300E+3,-2.160680E-7,-3.725310E-8,2.192560E-7,-1.702176E+2
3.407286E+1,1.878500E+3,-2.719480E-7,2.980250E-8,2.735761E-7,1.737460E+2
3.427290E+1,1.887500E+3,-2.831240E-7,2.980250E-8,2.846882E-7,1.739910E+2
3.447278E+1,1.908700E+3,-3.017500E-7,1.862660E-8,3.023244E-7,1.764677E+2
3.467280E+1,1.917800E+3,-2.570470E-7,-2.235190E-8,2.580170E-7,-1.750303E+2
3.487279E+1,1.941900E+3,-2.086170E-7,-6.705570E-8,2.191290E-7,-1.621811E+2
3.507382E+1,1.950900E+3,-3.129260E-7,2.980250E-8,3.143420E-7,1.745597E+2
3.527283E+1,1.961200E+3,-2.533220E-7,-3.725310E-8,2.560465E-7,-1.716341E+2
3.547281E+1,1.984300E+3,-3.539040E-7,4.097840E-8,3.562685E-7,1.733952E+2
3.567388E+1,1.993700E+3,-2.495960E-7,-6.333040E-8,2.575052E-7,-1.657627E+2
3.587283E+1,2.014100E+3,-3.539040E-7,1.117590E-8,3.540804E-7,1.781913E+2
3.607394E+1,2.024200E+3,-3.501790E-7,3.725310E-8,3.521550E-7,1.739275E+2
3.627283E+1,2.038200E+3,-2.346940E-7,-8.568210E-8,2.498453E-7,-1.599439E+2
3.647281E+1,2.057600E+3,-2.644970E-7,-3.352780E-8,2.666135E-7,-1.727757E+2
3.667384E+1,2.068600E+3,-1.825400E-7,-1.005830E-7,2.084173E-7,-1.511444E+2
3.687280E+1,2.090300E+3,-2.346940E-7,-2.235190E-8,2.357560E-7,-1.745596E+2
3.707381E+1,2.101400E+3,-1.676390E-7,-9.685800E-8,1.936086E-7,-1.499817E+2
3.727283E+1,2.110700E+3,-2.048920E-7,-6.705570E-8,2.155857E-7,-1.618781E+2
3.747281E+1,2.133800E+3,-2.235180E-7,-5.587960E-8,2.303971E-7,-1.659637E+2
3.767382E+1,2.143900E+3,-3.017500E-7,4.842900E-8,3.056116E-7,1.708821E+2
3.787284E+1,2.164300E+3,-2.086170E-7,-5.960510E-8,2.169650E-7,-1.640545E+2
3.807381E+1,2.173700E+3,-3.054760E-7,3.352780E-8,3.073104E-7,1.737365E+2
3.827284E+1,2.194500E+3,-2.346940E-7,-2.235190E-8,2.357560E-7,-1.745596E+2
3.847285E+1,2.206600E+3,-2.719480E-7,-1.117590E-8,2.721775E-7,-1.776467E+2
3.867283E+1,2.226700E+3,-2.570470E-7,-3.352780E-8,2.592244E-7,-1.725686E+2
3.887283E+1,2.236500E+3,-3.650800E-7,7.823160E-8,3.733679E-7,1.679052E+2
3.907284E+1,2.246000E+3,-2.644970E-7,-7.450640E-9,2.646019E-7,-1.783865E+2
3.927283E+1,2.269500E+3,-2.160680E-7,-3.352780E-8,2.186538E-7,-1.711796E+2
3.947283E+1,2.278500E+3,-2.160680E-7,-5.960510E-8,2.241387E-7,-1.645778E+2
3.967384E+1,2.302400E+3,-2.123420E-7,-6.333040E-8,2.215849E-7,-1.633929E+2
3.987286E+1,2.311500E+3,-2.756730E-7,-1.117590E-8,2.758994E-7,-1.776785E+2
4.007381E+1,2.321900E+3,-2.160680E-7,-7.078100E-8,2.273661E-7,-1.618619E+2
4.027283E+1,2.344800E+3,-3.725310E-7,5.587960E-8,3.766987E-7,1.714692E+2
4.047288E+1,2.354300E+3,-3.203770E-7,-1.862660E-8,3.209180E-7,-1.766726E+2
4.067381E+1,2.374800E+3,-2.384200E-7,-8.568210E-8,2.533486E-7,-1.602329E+2
4.087391E+1,2.387600E+3,-3.464540E-7,2.235190E-8,3.471743E-7,1.763086E+2
4.107283E+1,2.398800E+3,-2.793990E-7,-1.490130E-8,2.797961E-7,-1.769471E+2
4.127385E+1,2.418100E+3,-2.421460E-7,-4.842900E-8,2.469414E-7,-1.686901E+2
4.147284E+1,2.437900E+3,-3.427290E-7,3.725310E-8,3.447477E-7,1.737966E+2
4.167283E+1,2.448600E+3,-2.682230E-7,-3.725310E-8,2.707977E-7,-1.720929E+2
4.187283E+1,2.458800E+3,-3.352780E-7,2.235190E-8,3.360222E-7,1.761859E+2
4.207283E+1,2.480900E+3,-3.203770E-7,2.607710E-8,3.214365E-7,1.753467E+2
4.227283E+1,2.492000E+3,-3.278270E-7,2.607710E-8,3.288625E-7,1.754520E+2
4.247284E+1,2.511600E+3,-2.160680E-7,-7.450630E-8,2.285532E-7,-1.609744E+2
4.267384E+1,2.522100E+3,-2.011670E-7,-1.005830E-7,2.249113E-7,-1.534351E+2
4.287383E+1,2.542200E+3,-2.570470E-7,-2.980250E-8,2.587689E-7,-1.733866E+2
4.307289E+1,2.552200E+3,-3.315530E-7,5.215430E-8,3.356299E-7,1.710605E+2
4.327382E+1,2.572600E+3,-1.937160E-7,-8.568210E-8,2.118191E-7,-1.561398E+2
4.347284E+1,2.582100E+3,-2.570470E-7,-2.607710E-8,2.583664E-7,-1.742072E+2
4.367384E+1,2.591900E+3,-3.278270E-7,6.333040E-8,3.338881E-7,1.690662E+2
4.387288E+1,2.615400E+3,-1.937160E-7,-7.823160E-8,2.089164E-7,-1.580088E+2
4.407284E+1,2.624400E+3,-3.390030E-7,4.097840E-8,3.414707E-7,1.731076E+2
4.427384E+1,2.645400E+3,-3.092010E-7,3.352780E-8,3.110135E-7,1.738114E+2
4.447384E+1,2.654900E+3,-1.937160E-7,-5.960510E-8,2.026787E-7,-1.628972E+2
4.467384E+1,2.667900E+3,-2.086170E-7,-5.960510E-8,2.169650E-7,-1.640545E+2
4.487284E+1,2.690500E+3,-3.017500E-7,2.980250E-8,3.032182E-7,1.743594E+2
4.507388E+1,2.700300E+3,-2.831240E-7,0.000000E+0,2.831240E-7,1.800000E+2
4.527384E+1,2.720600E+3,-2.905740E-7,2.607710E-8,2.917418E-7,1.748718E+2
4.547287E+1,2.731000E+3,-1.937160E-7,-7.450630E-8,2.075502E-7,-1.589625E+2
4.567384E+1,2.750700E+3,-2.943000E-7,2.607710E-8,2.954531E-7,1.749364E+2
4.587289E+1,2.761600E+3,-1.713640E-7,-9.685800E-8,1.968428E-7,-1.505241E+2
4.607280E+1,2.781000E+3,-2.943000E-7,4.470370E-8,2.976758E-7,1.713629E+2
4.627284E+1,2.792200E+3,-2.086170E-7,-4.097840E-8,2.126036E-7,-1.688869E+2
4.647283E+1,2.811400E+3,-2.533220E-7,1.117590E-8,2.535684E-7,1.774739E+2
4.667283E+1,2.824300E+3,-2.421460E-7,1.862660E-8,2.428614E-7,1.756013E+2
4.687384E+1,2.837300E+3,-1.527380E-7,-6.333040E-8,1.653470E-7,-1.574794E+2
4.707284E+1,2.856500E+3,-1.639140E-7,-5.587960E-8,1.731772E-7,-1.611753E+2
4.727280E+1,2.867600E+3,-2.905740E-7,6.705570E-8,2.982109E-7,1.670054E+2
4.747381E+1,2.876700E+3,-1.601880E-7,-7.450630E-8,1.766674E-7,-1.550560E+2
4.767283E+1,2.903100E+3,-1.937160E-7,-4.097840E-8,1.980028E-7,-1.680558E+2
4.787283E+1,2.913000E+3,-1.639140E-7,-5.215430E-8,1.720113E-7,-1.623499E+2
4.807381E+1,2.933500E+3,-1.452870E-7,-9.685800E-8,1.746132E-7,-1.463099E+2
4.827381E+1,2.943000E+3,-2.235180E-7,-1.490130E-8,2.240142E-7,-1.761859E+2
4.847384E+1,2.964000E+3,-2.570470E-7,1.490130E-8,2.574786E-7,1.766822E+2
4.867283E+1,2.973000E+3,-2.682230E-7,4.470370E-8,2.719228E-7,1.705377E+2
4.887384E+1,2.985300E+3,-1.937160E-7,-1.490130E-8,1.942883E-7,-1.756013E+2
4.907280E+1,3.006400E+3,-1.750900E-7,-3.352780E-8,1.782712E-7,-1.691597E+2
4.927284E+1,3.016000E+3,-1.303860E-7,-6.705570E-8,1.466185E-7,-1.527839E+2
4.947384E+1,3.036400E+3,-2.533220E-7,4.842900E-8,2.579097E-7,1.691770E+2
4.967284E+1,3.046500E+3,-1.825400E-7,3.725320E-9,1.825780E-7,1.788309E+2
4.987284E+1,3.066500E+3,-2.272440E-7,3.352780E-8,2.297040E-7,1.716071E+2
5.007283E+1,3.077200E+3,-1.788150E-7,-1.862660E-8,1.797825E-7,-1.740531E+2
5.027284E+1,3.096700E+3,-2.160680E-7,2.980250E-8,2.181137E-7,1.721467E+2
5.047280E+1,3.107800E+3,-1.303860E-7,-6.705570E-8,1.466185E-7,-1.527839E+2
5.067284E+1,3.127200E+3,-1.452870E-7,-7.450630E-8,1.632774E-7,-1.528503E+2
5.087385E+1,3.140200E+3,-1.378370E-7,-6.333040E-8,1.516897E-7,-1.553232E+2
5.107382E+1,3.151100E+3,-1.229350E-7,-7.450630E-8,1.437505E-7,-1.487815E+2
5.127284E+1,3.171100E+3,-1.117590E-7,-5.587960E-8,1.249504E-7,-1.534349E+2
5.147283E+1,3.181300E+3,-2.197930E-7,2.980250E-8,2.218043E-7,1.722782E+2
5.167391E+1,3.201700E+3,-1.192100E-7,-7.823160E-8,1.425875E-7,-1.467251E+2
5.187289E+1,3.211400E+3,-1.676390E-7,-1.117590E-8,1.680111E-7,-1.761859E+2
5.207284E+1,3.234100E+3,-8.195680E-8,-8.195680E-8,1.159044E-7,-1.350000E+2
5.227284E+1,3.244500E+3,-2.235180E-7,6.705570E-8,2.333597E-7,1.633007E+2
5.247381E+1,3.264700E+3,-1.154840E-7,-6.705570E-8,1.335403E-7,-1.498584E+2
5.267283E+1,3.274800E+3,-1.750900E-7,-1.490130E-8,1.757230E-7,-1.751355E+2
5.287291E+1,3.284100E+3,-9.313270E-8,-6.705570E-8,1.147613E-7,-1.442461E+2
5.307281E+1,3.308100E+3,-1.601880E-7,0.000000E+0,1.601880E-7,1.800000E+2
5.327381E+1,3.317200E+3,-1.490130E-7,-3.725320E-9,1.490596E-7,-1.785679E+2
5.347280E+1,3.341400E+3,-9.313270E-8,-7.078100E-8,1.169771E-7,-1.427651E+2
5.367391E+1,3.350300E+3,-1.303860E-7,-3.725310E-8,1.356035E-7,-1.640546E+2
5.387284E+1,3.360500E+3,-2.235180E-7,5.587960E-8,2.303971E-7,1.659637E+2
5.407381E+1,3.383700E+3,-1.937160E-7,2.607710E-8,1.954633E-7,1.723332E+2
5.427387E+1,3.394100E+3,-1.154840E-7,-3.725310E-8,1.213439E-7,-1.621212E+2
5.447284E+1,3.417000E+3,-1.527380E-7,-4.097840E-8,1.581396E-7,-1.649817E+2
5.467383E+1,3.426600E+3,-9.313270E-8,-1.080340E-7,1.426361E-7,-1.307636E+2
5.487382E+1,3.437700E+3,-1.527380E-7,-4.842900E-8,1.602319E-7,-1.624076E+2
5.507285E+1,3.456900E+3,-1.788150E-7,0.000000E+0,1.788150E-7,1.800000E+2
5.527384E+1,3.467800E+3,-8.940740E-8,-9.685800E-8,1.318149E-7,-1.327094E+2
5.547284E+1,3.489100E+3,-2.309690E-7,2.980250E-8,2.328838E-7,1.726476E+2
5.567391E+1,3.500400E+3,-9.685800E-8,-8.195680E-8,1.268794E-7,-1.397636E+2
5.587283E+1,3.509900E+3,-1.303860E-7,-4.842900E-8,1.390895E-7,-1.596236E+2
5.607382E+1,3.533100E+3,-1.043090E-7,-7.078100E-8,1.260568E-7,-1.458403E+2
5.627284E+1,3.543400E+3,-2.048920E-7,6.705570E-8,2.155857E-7,1.618781E+2
5.647381E+1,3.564000E+3,-7.450630E-8,-6.705570E-8,1.002380E-7,-1.380128E+2
5.667382E+1,3.573600E+3,-2.048920E-7,3.725310E-8,2.082511E-7,1.696952E+2
5.687283E+1,3.596600E+3,-1.154840E-7,-3.352780E-8,1.202525E-7,-1.638107E+2
5.707381E+1,3.607100E+3,-1.229350E-7,-1.862660E-8,1.243381E-7,-1.713843E+2
5.727283E+1,3.627500E+3,-1.601880E-7,1.862660E-8,1.612673E-7,1.733675E+2
5.747381E+1,3.637500E+3,-8.940740E-8,-2.980250E-8,9.424369E-8,-1.615650E+2
5.767283E+1,3.649600E+3,-2.011670E-7,8.195680E-8,2.172213E-7,1.578337E+2
5.787287E+1,3.670800E+3,-1.974410E-7,6.333040E-8,2.073492E-7,1.622160E+2
5.807384E+1,3.679900E+3,-1.974410E-7,6.333040E-8,2.073492E-7,1.622160E+2
5.827284E+1,3.700900E+3,-1.303860E-7,-1.490130E-8,1.312347E-7,-1.734802E+2
5.847383E+1,3.710000E+3,-5.960510E-8,-7.078100E-8,9.253496E-8,-1.301009E+2
5.867384E+1,3.730800E+3,-2.011670E-7,7.078100E-8,2.132560E-7,1.606155E+2
5.887390E+1,3.740400E+3,-1.527380E-7,2.607710E-8,1.549481E-7,1.703113E+2
5.907283E+1,3.760700E+3,-1.080340E-7,-1.117590E-8,1.086105E-7,-1.740939E+2
5.927391E+1,3.772700E+3,-1.825400E-7,8.568210E-8,2.016489E-7,1.548552E+2
5.947288E+1,3.783800E+3,-3.352780E-8,-5.960510E-8,6.838773E-8,-1.193577E+2
5.967280E+1,3.805800E+3,-1.005830E-7,-1.490130E-8,1.016808E-7,-1.715730E+2
5.987283E+1,3.816900E+3,-4.097840E-8,-8.568210E-8,9.497711E-8,-1.155600E+2
6.007384E+1,3.836300E+3,-4.097840E-8,-6.705570E-8,7.858560E-8,-1.214295E+2
6.027288E+1,3.846600E+3,-1.788150E-7,6.333040E-8,1.896986E-7,1.604975E+2
6.047384E+1,3.859800E+3,-1.080340E-7,-1.490130E-8,1.090568E-7,-1.721467E+2
6.067384E+1,3.880200E+3,-1.154840E-7,-1.117590E-8,1.160235E-7,-1.744724E+2
6.087393E+1,3.893200E+3,-4.470370E-8,-7.823160E-8,9.010330E-8,-1.197448E+2
6.107393E+1,3.902400E+3,-6.705570E-8,-4.842900E-8,8.271539E-8,-1.441624E+2
6.127281E+1,3.926100E+3,-1.117590E-8,-9.685800E-8,9.750063E-8,-9.658193E+1
6.147283E+1,3.935600E+3,-1.303860E-7,1.490130E-8,1.312347E-7,1.734802E+2
6.167384E+1,3.958400E+3,-3.725310E-8,-6.333040E-8,7.347471E-8,-1.204655E+2
6.187391E+1,3.968800E+3,-1.788150E-7,6.705570E-8,1.909745E-7,1.594439E+2
6.207283E+1,3.977900E+3,-1.229350E-7,0.000000E+0,1.229350E-7,1.800000E+2
6.227285E+1,4.004500E+3,-4.470370E-8,-6.333040E-8,7.751877E-8,-1.252175E+2
6.247284E+1,4.013500E+3,-1.676390E-7,7.823160E-8,1.849946E-7,1.549831E+2
6.267284E+1,4.034600E+3,-1.490130E-7,3.725310E-8,1.535990E-7,1.659638E+2
6.287384E+1,4.043700E+3,-1.750900E-7,6.333040E-8,1.861914E-7,1.601148E+2
6.307383E+1,4.065100E+3,-1.564630E-7,2.980250E-8,1.592760E-7,1.692157E+2
6.327283E+1,4.074100E+3,-1.601880E-7,7.450640E-9,1.603612E-7,1.773370E+2
6.347381E+1,4.095300E+3,-7.450630E-8,-5.215430E-8,9.094647E-8,-1.450080E+2
6.367284E+1,4.104900E+3,-4.097840E-8,-7.450630E-8,8.503186E-8,-1.188108E+2
6.387284E+1,4.118000E+3,-3.352780E-8,-5.960510E-8,6.838773E-8,-1.193577E+2
6.407284E+1,4.137700E+3,-1.117590E-7,2.980250E-8,1.156644E-7,1.650685E+2
6.427284E+1,4.148700E+3,-4.842900E-8,-4.842900E-8,6.848895E-8,-1.350000E+2
6.447284E+1,4.168200E+3,-1.862650E-7,8.568210E-8,2.050270E-7,1.552975E+2
6.467284E+1,4.179500E+3,-3.725310E-8,-5.215430E-8,6.409262E-8,-1.255377E+2
6.487281E+1,4.199000E+3,-8.940740E-8,-1.117590E-8,9.010318E-8,-1.728750E+2
6.507285E+1,4.212100E+3,-9.685800E-8,0.000000E+0,9.685800E-8,1.800000E+2
6.527280E+1,4.222500E+3,-1.229350E-7,1.862660E-8,1.243381E-7,1.713843E+2
6.547384E+1,4.244600E+3,-8.195680E-8,-7.450640E-9,8.229477E-8,-1.748056E+2
6.567284E+1,4.255600E+3,-2.235190E-8,-5.215430E-8,5.674221E-8,-1.131986E+2
6.587283E+1,4.275100E+3,-3.725320E-9,-6.705570E-8,6.715910E-8,-9.317983E+1
6.607384E+1,4.285700E+3,-9.313270E-8,0.000000E+0,9.313270E-8,1.800000E+2
6.627283E+1,4.294700E+3,-2.980250E-8,-8.940740E-8,9.424369E-8,-1.084350E+2
6.647387E+1,4.320600E+3,-1.154840E-7,-1.490130E-8,1.164414E-7,-1.726476E+2
6.667288E+1,4.330900E+3,-1.080340E-7,-3.725310E-8,1.142766E-7,-1.609744E+2
6.687284E+1,4.342800E+3,-1.601880E-7,2.980250E-8,1.629367E-7,1.694608E+2
6.707284E+1,4.364000E+3,-1.527380E-7,1.862660E-8,1.538696E-7,1.730470E+2
6.727281E+1,4.373200E+3,-3.725310E-8,-9.685800E-8,1.037751E-7,-1.110375E+2
6.747284E+1,4.393800E+3,-1.452870E-7,2.980250E-8,1.483122E-7,1.684078E+2
6.767288E+1,4.406000E+3,-1.564630E-7,4.097840E-8,1.617402E-7,1.653236E+2
6.787283E+1,4.427200E+3,-6.705570E-8,-4.842900E-8,8.271539E-8,-1.441624E+2
6.807284E+1,4.436300E+3,-2.980250E-8,-8.195680E-8,8.720726E-8,-1.099831E+2
6.827284E+1,4.449200E+3,-8.195680E-8,-2.235190E-8,8.495013E-8,-1.647449E+2
6.847382E+1,4.469300E+3,-1.229350E-7,1.490130E-8,1.238348E-7,1.730887E+2
6.867283E+1,4.479800E+3,-1.192100E-7,1.490130E-8,1.201377E-7,1.728750E+2
6.887385E+1,4.502500E+3,-1.229350E-7,1.490130E-8,1.238348E-7,1.730887E+2
6.907283E+1,4.512400E+3,-1.117590E-8,-8.940740E-8,9.010318E-8,-9.712500E+1
6.927282E+1,4.523500E+3,-1.192100E-7,1.490130E-8,1.201377E-7,1.728750E+2
6.947285E+1,4.544900E+3,-6.705570E-8,-4.470370E-8,8.059087E-8,-1.463100E+2
6.967283E+1,4.556000E+3,-1.117590E-8,-7.823160E-8,7.902584E-8,-9.813007E+1
6.987284E+1,4.565900E+3,-1.192100E-7,2.980250E-8,1.228789E-7,1.659638E+2
7.007283E+1,4.588400E+3,-3.725320E-9,-5.960510E-8,5.972140E-8,-9.357634E+1
7.027284E+1,4.598900E+3,-6.705570E-8,2.980250E-8,7.338021E-8,1.560375E+2
7.047284E+1,4.619000E+3,-3.725320E-9,-4.097840E-8,4.114738E-8,-9.519445E+1
7.067285E+1,4.629000E+3,-9.313270E-8,4.470370E-8,1.033060E-7,1.543590E+2
7.087384E+1,4.649400E+3,-8.568210E-8,4.842900E-8,9.842149E-8,1.505241E+2
7.107384E+1,4.659000E+3,-1.229350E-7,6.333040E-8,1.382887E-7,1.527446E+2
7.127284E+1,4.682000E+3,-3.352780E-8,-5.215430E-8,6.200149E-8,-1.227353E+2
7.147284E+1,4.692400E+3,-8.568210E-8,7.450640E-9,8.600543E-8,1.750302E+2
7.167285E+1,4.712800E+3,-5.960510E-8,7.450640E-9,6.006896E-8,1.728750E+2
7.187281E+1,4.722600E+3,-1.229350E-7,5.587960E-8,1.350390E-7,1.555560E+2
7.207339E+1,4.743400E+3,-2.980250E-8,-3.352780E-8,4.485869E-8,-1.316336E+2
7.227344E+1,4.752700E+3,-1.303860E-7,6.705570E-8,1.466185E-7,1.527839E+2
7.247338E+1,4.762900E+3,-5.960510E-8,1.490130E-8,6.143954E-8,1.659637E+2
7.267341E+1,4.786100E+3,-9.313270E-8,2.235190E-8,9.577738E-8,1.665042E+2
7.287341E+1,4.796300E+3,0.000000E+0,-7.078100E-8,7.078100E-8,-9.000000E+1
7.307349E+1,4.815900E+3,-1.303860E-7,5.587960E-8,1.418557E-7,1.568015E+2
7.327441E+1,4.826700E+3,-5.215430E-8,0.000000E+0,5.215430E-8,1.800000E+2
7.347347E+1,4.846000E+3,1.862660E-8,-4.470370E-8,4.842903E-8,-6.738007E+1
7.367342E+1,4.858800E+3,-1.862660E-8,0.000000E+0,1.862660E-8,1.800000E+2
7.387338E+1,4.869900E+3,2.980250E-8,-4.470370E-8,5.372718E-8,-5.630990E+1
7.407338E+1,4.889600E+3,-1.229350E-7,6.705570E-8,1.400339E-7,1.513895E+2
7.427341E+1,4.902700E+3,0.000000E+0,-4.097840E-8,4.097840E-8,-9.000000E+1
7.447439E+1,4.922100E+3,-1.303860E-7,6.333040E-8,1.449526E-7,1.540935E+2
7.467341E+1,4.935300E+3,-2.607710E-8,-3.352780E-8,4.247503E-8,-1.278749E+2
7.487440E+1,4.945500E+3,-4.470370E-8,-3.352780E-8,5.587964E-8,-1.431301E+2
7.507448E+1,4.965900E+3,-1.490130E-8,-5.960510E-8,6.143954E-8,-1.040363E+2
7.527338E+1,4.975700E+3,-3.725320E-9,-1.080340E-7,1.080982E-7,-9.197494E+1
7.547338E+1,4.998400E+3,-5.215430E-8,-6.333040E-8,8.204152E-8,-1.294724E+2
7.567342E+1,5.009100E+3,-9.685800E-8,0.000000E+0,9.685800E-8,1.800000E+2
7.587436E+1,5.018200E+3,-4.470370E-8,-4.842900E-8,6.590743E-8,-1.327094E+2
7.607338E+1,5.042400E+3,-1.043090E-7,2.235190E-8,1.066770E-7,1.679053E+2
7.627340E+1,5.051200E+3,-1.341110E-7,5.215430E-8,1.438952E-7,1.587495E+2
7.647341E+1,5.072500E+3,-1.117590E-8,-4.842900E-8,4.970180E-8,-1.029946E+2
7.667342E+1,5.084600E+3,-8.195680E-8,7.450640E-9,8.229477E-8,1.748056E+2
7.687345E+1,5.095200E+3,1.490130E-8,-7.450630E-8,7.598182E-8,-7.869004E+1
7.707337E+1,5.117700E+3,-1.005830E-7,7.450640E-9,1.008586E-7,1.757636E+2
7.727341E+1,5.127600E+3,-1.117590E-7,1.862660E-8,1.133006E-7,1.705376E+2
7.747342E+1,5.150900E+3,-2.980250E-8,-2.980250E-8,4.214710E-8,-1.350000E+2
7.767341E+1,5.160100E+3,-1.117590E-7,5.215430E-8,1.233294E-7,1.549831E+2
7.787342E+1,5.171300E+3,-7.078100E-8,1.862660E-8,7.319085E-8,1.652564E+2
7.807348E+1,5.190700E+3,-4.842900E-8,1.117590E-8,4.970180E-8,1.670054E+2
7.827341E+1,5.201800E+3,3.352780E-8,-7.823160E-8,8.511343E-8,-6.680143E+1
7.847342E+1,5.221200E+3,-4.097840E-8,1.490130E-8,4.360365E-8,1.600168E+2
7.867342E+1,5.234400E+3,3.352780E-8,-7.078100E-8,7.832026E-8,-6.465385E+1
7.887441E+1,5.253700E+3,3.725310E-8,-9.313270E-8,1.003070E-7,-6.819858E+1
7.907341E+1,5.265000E+3,-4.097840E-8,-2.235190E-8,4.667801E-8,-1.513895E+2
7.927441E+1,5.274400E+3,-9.313270E-8,3.725320E-9,9.320718E-8,1.777094E+2
7.947438E+1,5.297400E+3,-5.215430E-8,-3.352780E-8,6.200149E-8,-1.472647E+2
7.967442E+1,5.307700E+3,-1.490130E-7,4.842900E-8,1.566852E-7,1.619959E+2
7.987342E+1,5.331000E+3,7.450640E-9,-7.450630E-8,7.487791E-8,-8.428940E+1
8.007441E+1,5.340900E+3,-2.980250E-8,-2.607710E-8,3.960056E-8,-1.388142E+2
8.027342E+1,5.360500E+3,2.607710E-8,-9.313270E-8,9.671461E-8,-7.435779E+1
8.047446E+1,5.373900E+3,-6.705570E-8,-3.725320E-9,6.715910E-8,-1.768202E+2
8.067341E+1,5.383000E+3,-9.685800E-8,2.607710E-8,1.003070E-7,1.649315E+2
8.087443E+1,5.404100E+3,-5.960510E-8,-2.235190E-8,6.365827E-8,-1.594440E+2
8.107346E+1,5.416000E+3,-1.229350E-7,3.352780E-8,1.274250E-7,1.647449E+2
8.127341E+1,5.437200E+3,-7.823160E-8,1.862660E-8,8.041849E-8,1.666075E+2
8.147341E+1,5.446200E+3,2.607710E-8,-9.313270E-8,9.671461E-8,-7.435779E+1
8.167449E+1,5.458700E+3,-3.352780E-8,-2.607710E-8,4.247503E-8,-1.421251E+2
8.187341E+1,5.479400E+3,-6.705570E-8,7.450640E-9,6.746836E-8,1.736598E+2
8.207337E+1,5.489400E+3,-3.725320E-9,-6.705570E-8,6.715910E-8,-9.317983E+1
8.227342E+1,5.509700E+3,-1.303860E-7,3.725310E-8,1.356035E-7,1.640546E+2
8.247346E+1,5.520200E+3,-9.685800E-8,0.000000E+0,9.685800E-8,1.800000E+2
8.267341E+1,5.540000E+3,-1.564630E-7,3.725310E-8,1.608368E-7,1.666075E+2
8.287441E+1,5.551000E+3,-5.960510E-8,-3.352780E-8,6.838773E-8,-1.506423E+2
8.307343E+1,5.570600E+3,-1.303860E-7,4.842900E-8,1.390895E-7,1.596236E+2
8.327441E+1,5.581900E+3,-1.117590E-8,-4.842900E-8,4.970180E-8,-1.029946E+2
8.347345E+1,5.594600E+3,-1.043090E-7,4.470370E-8,1.134847E-7,1.568015E+2
8.367343E+1,5.614600E+3,-5.215430E-8,-1.117590E-8,5.333828E-8,-1.679053E+2
8.387345E+1,5.625200E+3,-1.341110E-7,7.078100E-8,1.516434E-7,1.521758E+2
8.407441E+1,5.645500E+3,-7.450640E-9,-5.960510E-8,6.006896E-8,-9.712502E+1
8.427343E+1,5.655400E+3,-8.940740E-8,2.235190E-8,9.215905E-8,1.659637E+2
8.447441E+1,5.676200E+3,-2.235190E-8,-6.705570E-8,7.068291E-8,-1.084350E+2
8.467349E+1,5.685600E+3,-5.587960E-8,-1.117590E-8,5.698623E-8,-1.686901E+2
8.487441E+1,5.708700E+3,-5.215430E-8,-4.097840E-8,6.632722E-8,-1.418428E+2
8.507338E+1,5.718900E+3,-1.415620E-7,6.705570E-8,1.566406E-7,1.546538E+2
8.527338E+1,5.739300E+3,-1.490130E-8,-6.705570E-8,6.869145E-8,-1.025288E+2
8.547439E+1,5.748900E+3,-1.192100E-7,4.470370E-8,1.273163E-7,1.594440E+2
8.567338E+1,5.761000E+3,-1.154840E-7,4.470370E-8,1.238345E-7,1.588386E+2
8.587421E+1,5.782200E+3,-3.725320E-9,-5.960510E-8,5.972140E-8,-9.357634E+1
8.607446E+1,5.797500E+3,-1.117590E-8,-4.470370E-8,4.607951E-8,-1.040362E+2
8.627338E+1,5.806500E+3,-1.229350E-7,7.078100E-8,1.418554E-7,1.500684E+2
8.647339E+1,5.826500E+3,-1.303860E-7,9.313270E-8,1.602317E-7,1.444624E+2
8.667440E+1,5.834200E+3,-5.215430E-8,4.470370E-8,6.869128E-8,1.393987E+2
8.687338E+1,5.849400E+3,-1.117590E-7,1.154840E-7,1.607067E-7,1.340609E+2
8.707440E+1,5.854900E+3,1.490130E-8,-1.490130E-8,2.107362E-8,-4.500000E+1
8.727342E+1,5.860800E+3,-7.450630E-8,7.450630E-8,1.053678E-7,1.350000E+2
8.747337E+1,5.866400E+3,-2.607710E-8,-1.490130E-8,3.003438E-8,-1.502550E+2
8.767342E+1,5.868500E+3,-3.725320E-9,-3.725320E-9,5.268398E-9,-1.350000E+2
8.787338E+1,5.865400E+3,4.097840E-8,-5.960510E-8,7.233255E-8,-5.549155E+1
8.807346E+1,5.861700E+3,-5.587960E-8,3.352780E-8,6.516627E-8,1.490362E+2
8.827340E+1,5.857600E+3,-7.450640E-9,-1.117590E-8,1.343178E-8,-1.236902E+2
8.847340E+1,5.840400E+3,3.725320E-9,-2.607710E-8,2.634185E-8,-8.186986E+1
8.867338E+1,5.831900E+3,-2.607710E-8,0.000000E+0,2.607710E-8,1.800000E+2
8.887338E+1,5.807800E+3,-1.490130E-8,-1.490130E-8,2.107362E-8,-1.350000E+2
8.907338E+1,5.795700E+3,4.470370E-8,-7.078100E-8,8.371601E-8,-5.772441E+1
8.927337E+1,5.766800E+3,-1.490130E-8,-1.117590E-8,1.862658E-8,-1.431303E+2
8.947440E+1,5.752600E+3,-7.823160E-8,4.842900E-8,9.200843E-8,1.482406E+2
8.967342E+1,5.733600E+3,-7.078100E-8,2.235190E-8,7.422639E-8,1.624744E+2
8.987340E+1,5.704600E+3,-1.154840E-7,5.587960E-8,1.282930E-7,1.541789E+2
9.007347E+1,5.686400E+3,-3.352780E-8,-2.980250E-8,4.485869E-8,-1.383665E+2
9.027440E+1,5.658600E+3,-7.078100E-8,2.607710E-8,7.543186E-8,1.597752E+2
9.047346E+1,5.645100E+3,-9.685800E-8,5.587960E-8,1.118213E-7,1.500184E+2
9.067340E+1,5.620400E+3,1.117590E-8,-7.078100E-8,7.165787E-8,-8.102741E+1
9.087437E+1,5.607800E+3,-7.450630E-8,1.862660E-8,7.679934E-8,1.659637E+2
9.107338E+1,5.596400E+3,-1.862660E-8,-6.333040E-8,6.601280E-8,-1.063896E+2
9.127338E+1,5.573400E+3,-4.842900E-8,-5.215430E-8,7.117190E-8,-1.328789E+2
9.147338E+1,5.562900E+3,7.450640E-9,-9.685800E-8,9.714414E-8,-8.560128E+1
9.167338E+1,5.545000E+3,-6.333040E-8,-1.117590E-8,6.430894E-8,-1.699921E+2
9.187442E+1,5.535500E+3,2.607710E-8,-8.940740E-8,9.313269E-8,-7.373983E+1
9.207340E+1,5.517500E+3,-8.195680E-8,1.117590E-8,8.271528E-8,1.722349E+2
9.227340E+1,5.508400E+3,0.000000E+0,-3.725310E-8,3.725310E-8,-9.000000E+1
9.247341E+1,5.489000E+3,-5.587960E-8,-7.450640E-9,5.637412E-8,-1.724053E+2
9.267441E+1,5.476800E+3,-8.195680E-8,-7.450640E-9,8.229477E-8,-1.748056E+2
9.287340E+1,5.468000E+3,0.000000E+0,-5.960510E-8,5.960510E-8,-9.000000E+1
9.307437E+1,5.443800E+3,3.725310E-8,2.272440E-7,2.302773E-7,8.069006E+1
9.327345E+1,5.434600E+3,2.048920E-7,1.266610E-7,2.408812E-7,3.172370E+1
9.347283E+1,5.410300E+3,3.725310E-8,1.974410E-7,2.009247E-7,7.931507E+1
9.367283E+1,5.401000E+3,1.043090E-7,7.823160E-8,1.303862E-7,3.686985E+1
9.387283E+1,5.390400E+3,1.005830E-7,1.117590E-8,1.012020E-7,6.340198E+0
9.407383E+1,5.367200E+3,0.000000E+0,6.705570E-8,6.705570E-8,9.000000E+1
9.427282E+1,5.357400E+3,2.235190E-8,-2.607710E-8,3.434563E-8,-4.939858E+1
9.447289E+1,5.344200E+3,-6.705570E-8,5.215430E-8,8.495021E-8,1.421251E+2
9.467287E+1,5.324700E+3,-7.078100E-8,5.587960E-8,9.018026E-8,1.417099E+2
9.487280E+1,5.313600E+3,-1.117590E-7,7.078100E-8,1.322877E-7,1.476524E+2
9.507381E+1,5.291700E+3,1.862660E-8,-6.705570E-8,6.959466E-8,-7.447588E+1
9.527283E+1,5.281300E+3,-6.333040E-8,0.000000E+0,6.333040E-8,1.800000E+2
9.547283E+1,5.261700E+3,-3.725320E-9,-8.195680E-8,8.204142E-8,-9.260257E+1
9.567283E+1,5.250700E+3,-1.117590E-7,2.980250E-8,1.156644E-7,1.650685E+2
9.587284E+1,5.231400E+3,-9.685800E-8,0.000000E+0,9.685800E-8,1.800000E+2
9.607288E+1,5.220300E+3,-7.450640E-9,-6.705570E-8,6.746836E-8,-9.634020E+1
9.627284E+1,5.201100E+3,-7.078100E-8,0.000000E+0,7.078100E-8,1.800000E+2
9.647283E+1,5.189900E+3,-1.154840E-7,3.352780E-8,1.202525E-7,1.638107E+2
9.667383E+1,5.180900E+3,-2.980250E-8,-5.215430E-8,6.006879E-8,-1.197449E+2
9.687383E+1,5.157800E+3,-9.685800E-8,1.862660E-8,9.863277E-8,1.691144E+2
9.707283E+1,5.147900E+3,-3.352780E-8,-2.235190E-8,4.029542E-8,-1.463099E+2
9.727282E+1,5.138500E+3,-8.195680E-8,1.862660E-8,8.404682E-8,1.671957E+2
9.747283E+1,5.115000E+3,-6.705570E-8,-2.980250E-8,7.338021E-8,-1.560375E+2
9.767282E+1,5.105900E+3,-1.117590E-8,-7.450630E-8,7.533983E-8,-9.853073E+1
9.787285E+1,5.084700E+3,-1.490130E-8,-8.568210E-8,8.696822E-8,-9.986585E+1
9.807280E+1,5.075500E+3,-1.229350E-7,0.000000E+0,1.229350E-7,1.800000E+2
9.827387E+1,5.054600E+3,-7.823160E-8,-4.842900E-8,9.200843E-8,-1.482406E+2
9.847285E+1,5.044900E+3,-5.215430E-8,-6.705570E-8,8.495021E-8,-1.278749E+2
9.867283E+1,5.021600E+3,-6.705570E-8,-6.705570E-8,9.483108E-8,-1.350000E+2
9.887385E+1,5.012500E+3,-1.117590E-8,-1.043090E-7,1.049060E-7,-9.611547E+1
9.907280E+1,5.001400E+3,-2.235190E-8,-9.685800E-8,9.940362E-8,-1.029946E+2
9.927381E+1,4.979800E+3,-2.235190E-8,-7.450630E-8,7.778686E-8,-1.066993E+2
9.947279E+1,4.969500E+3,-7.823160E-8,-3.352780E-8,8.511343E-8,-1.568014E+2
9.967282E+1,4.949900E+3,-4.470370E-8,-7.078100E-8,8.371601E-8,-1.222756E+2
9.987283E+1,4.939000E+3,-8.940740E-8,-3.352780E-8,9.548715E-8,-1.594439E+2
1.000728E+2,4.923300E+3,-1.527380E-7,5.587960E-8,1.626389E-7,1.599048E+2
1.002728E+2,4.903900E+3,-1.527380E-7,6.333040E-8,1.653470E-7,1.574794E+2
1.004728E+2,4.892800E+3,-8.195680E-8,-1.117590E-8,8.271528E-8,-1.722349E+2
1.006728E+2,4.873200E+3,-1.266610E-7,4.470370E-8,1.343184E-7,1.605600E+2
1.008728E+2,4.862500E+3,-3.725310E-8,-2.980250E-8,4.770726E-8,-1.413402E+2
1.010729E+2,4.853500E+3,-1.192100E-7,6.333040E-8,1.349880E-7,1.520205E+2
1.012728E+2,4.829600E+3,-3.352780E-8,-2.980250E-8,4.485869E-8,-1.383665E+2
1.014728E+2,4.820500E+3,-1.415620E-7,6.705570E-8,1.566406E-7,1.546538E+2
1.016728E+2,4.797200E+3,-1.341110E-7,5.960510E-8,1.467601E-7,1.560374E+2
1.018728E+2,4.787300E+3,-1.117590E-8,-5.587960E-8,5.698623E-8,-1.013099E+2
1.020728E+2,4.766600E+3,-1.490130E-7,3.725310E-8,1.535990E-7,1.659638E+2
1.022728E+2,4.757300E+3,-6.333040E-8,-4.097840E-8,7.543188E-8,-1.470948E+2
1.024729E+2,4.734200E+3,-1.527380E-7,4.097840E-8,1.581396E-7,1.649817E+2
1.026728E+2,4.724200E+3,-9.685800E-8,0.000000E+0,9.685800E-8,1.800000E+2
1.028728E+2,4.714900E+3,-7.078100E-8,-2.980250E-8,7.679934E-8,-1.571664E+2
1.030729E+2,4.694300E+3,-7.450640E-9,-8.568210E-8,8.600543E-8,-9.496976E+1
1.032728E+2,4.684600E+3,-4.842900E-8,-4.097840E-8,6.343971E-8,-1.397636E+2
1.034728E+2,4.661300E+3,-1.229350E-7,1.862660E-8,1.243381E-7,1.713843E+2
1.036728E+2,4.652200E+3,-1.490130E-8,-6.333040E-8,6.505988E-8,-1.032405E+2
1.038728E+2,4.631100E+3,3.725320E-9,-6.705570E-8,6.715910E-8,-8.682017E+1
1.040738E+2,4.621600E+3,-1.229350E-7,6.333040E-8,1.382887E-7,1.527446E+2
1.042728E+2,4.601100E+3,-1.862660E-8,-5.587960E-8,5.890229E-8,-1.084350E+2
1.044728E+2,4.591000E+3,-1.043090E-7,7.450640E-9,1.045748E-7,1.759144E+2
1.046728E+2,4.579900E+3,-1.452870E-7,3.725310E-8,1.499870E-7,1.656186E+2
1.048738E+2,4.558700E+3,-2.235190E-8,-6.705570E-8,7.068291E-8,-1.084350E+2
1.050738E+2,4.547400E+3,-1.303860E-7,5.587960E-8,1.418557E-7,1.568015E+2
1.052728E+2,4.525800E+3,-1.266610E-7,7.823160E-8,1.488731E-7,1.482986E+2
1.054728E+2,4.515000E+3,-9.685800E-8,2.607710E-8,1.003070E-7,1.649315E+2
1.056728E+2,4.504700E+3,-6.705570E-8,3.725320E-9,6.715910E-8,1.768202E+2
1.058728E+2,4.481600E+3,-8.568210E-8,3.725320E-9,8.576305E-8,1.775104E+2
1.060738E+2,4.471800E+3,-1.117590E-8,-7.078100E-8,7.165787E-8,-9.897259E+1
1.062738E+2,4.451600E+3,-1.490130E-7,5.587960E-8,1.591459E-7,1.594441E+2
1.064728E+2,4.442200E+3,-9.685800E-8,-1.490130E-8,9.799756E-8,-1.712538E+2
1.066738E+2,4.419400E+3,-1.303860E-7,5.587960E-8,1.418557E-7,1.568015E+2
1.068729E+2,4.409100E+3,-1.154840E-7,3.725310E-8,1.213439E-7,1.621212E+2
1.070728E+2,4.399900E+3,-8.195680E-8,-3.725320E-9,8.204142E-8,-1.773974E+2
1.072739E+2,4.378700E+3,-4.842900E-8,-4.842900E-8,6.848895E-8,-1.350000E+2
1.074728E+2,4.358000E+3,-1.378370E-7,2.980250E-8,1.410221E-7,1.677996E+2
1.076739E+2,4.348800E+3,-2.607710E-8,-7.450630E-8,7.893797E-8,-1.092900E+2
1.078729E+2,4.338700E+3,-1.154840E-7,2.607710E-8,1.183916E-7,1.672756E+2
1.080728E+2,4.315500E+3,-2.235190E-8,-7.823160E-8,8.136210E-8,-1.059454E+2
1.082738E+2,4.306200E+3,-9.685800E-8,1.490130E-8,9.799756E-8,1.712538E+2
1.084738E+2,4.293300E+3,-1.415620E-7,4.470370E-8,1.484528E-7,1.624745E+2
1.086728E+2,4.273500E+3,-1.676390E-7,4.470370E-8,1.734971E-7,1.650686E+2
1.088738E+2,4.262700E+3,-1.564630E-7,4.470370E-8,1.627240E-7,1.640546E+2
1.090729E+2,4.243400E+3,-1.490130E-8,-6.705570E-8,6.869145E-8,-1.025288E+2
1.092728E+2,4.232300E+3,-1.005830E-7,1.862660E-8,1.022932E-7,1.695085E+2
1.094728E+2,4.213100E+3,-1.266610E-7,3.725310E-8,1.320258E-7,1.636105E+2
1.096739E+2,4.200000E+3,-1.303860E-7,4.470370E-8,1.378366E-7,1.610754E+2
1.098738E+2,4.180400E+3,-1.117590E-7,3.725310E-8,1.178044E-7,1.615650E+2
1.100728E+2,4.169400E+3,-6.333040E-8,-2.980250E-8,6.999235E-8,-1.547989E+2
1.102728E+2,4.156600E+3,-7.078100E-8,-2.980250E-8,7.679934E-8,-1.571664E+2
1.104738E+2,4.137100E+3,-1.378370E-7,4.097840E-8,1.437994E-7,1.634430E+2
1.106728E+2,4.126200E+3,-1.415620E-7,6.333040E-8,1.550824E-7,1.558978E+2
1.108738E+2,4.103700E+3,-5.960510E-8,-1.490130E-8,6.143954E-8,-1.659637E+2
1.110728E+2,4.093200E+3,-1.564630E-7,6.333040E-8,1.687940E-7,1.579637E+2
1.112729E+2,4.084300E+3,-4.842900E-8,-6.333040E-8,7.972520E-8,-1.274053E+2
1.114728E+2,4.063300E+3,-4.842900E-8,-6.705570E-8,8.271539E-8,-1.258376E+2
1.116728E+2,4.054300E+3,-9.685800E-8,-4.470370E-8,1.066766E-7,-1.552249E+2
1.118728E+2,4.030200E+3,-1.862650E-7,4.842900E-8,1.924578E-7,1.654258E+2
1.120728E+2,4.021300E+3,-5.215430E-8,-7.450630E-8,9.094647E-8,-1.249920E+2
1.122728E+2,3.997700E+3,-1.788150E-7,5.587960E-8,1.873428E-7,1.626460E+2
1.124728E+2,3.988400E+3,-8.195680E-8,-5.215430E-8,9.714416E-8,-1.475288E+2
1.126728E+2,3.978400E+3,-5.587960E-8,-4.842900E-8,7.394523E-8,-1.390856E+2
1.128728E+2,3.958400E+3,-1.043090E-7,-2.235190E-8,1.066770E-7,-1.679053E+2
1.130728E+2,3.945900E+3,-3.725310E-8,-9.313270E-8,1.003070E-7,-1.118014E+2
1.132728E+2,3.934700E+3,-1.564630E-7,2.235190E-8,1.580515E-7,1.718699E+2
1.134728E+2,3.913200E+3,-4.097840E-8,-7.823160E-8,8.831428E-8,-1.176459E+2
1.136738E+2,3.902400E+3,-1.303860E-7,2.607710E-8,1.329681E-7,1.686901E+2
1.138728E+2,3.880400E+3,-7.078100E-8,-6.705570E-8,9.750086E-8,-1.365482E+2
1.140738E+2,3.870300E+3,-1.490130E-7,1.117590E-8,1.494315E-7,1.757109E+2
1.142739E+2,3.850300E+3,-7.078100E-8,-4.842900E-8,8.576315E-8,-1.456197E+2
1.144738E+2,3.839800E+3,-1.378370E-7,2.980250E-8,1.410221E-7,1.677996E+2
1.146728E+2,3.820300E+3,-4.097840E-8,-6.705570E-8,7.858560E-8,-1.214295E+2
1.148728E+2,3.809200E+3,-1.154840E-7,7.450640E-9,1.157241E-7,1.763086E+2
1.150728E+2,3.796400E+3,-1.117590E-7,1.490130E-8,1.127481E-7,1.724053E+2
1.152728E+2,3.777000E+3,-1.378370E-7,1.117590E-8,1.382893E-7,1.753646E+2
1.154738E+2,3.763900E+3,-2.011670E-7,6.705570E-8,2.120486E-7,1.615650E+2
1.156728E+2,3.754200E+3,-7.823160E-8,-5.960510E-8,9.835116E-8,-1.426960E+2
1.158728E+2,3.730600E+3,-1.788150E-7,2.980250E-8,1.812815E-7,1.705377E+2
1.160729E+2,3.721100E+3,-1.341110E-7,1.490130E-8,1.349363E-7,1.736598E+2
1.162728E+2,3.698000E+3,-1.676390E-7,2.980250E-8,1.702675E-7,1.699194E+2
1.164728E+2,3.687700E+3,-7.450630E-8,-4.842900E-8,8.886257E-8,-1.469762E+2
1.166728E+2,3.678500E+3,-7.078100E-8,-4.842900E-8,8.576315E-8,-1.456197E+2
1.168738E+2,3.654600E+3,-1.937160E-7,4.842900E-8,1.996779E-7,1.659638E+2
1.170729E+2,3.645500E+3,-7.450630E-8,-7.450630E-8,1.053678E-7,-1.350000E+2
1.172728E+2,3.633000E+3,-1.788150E-7,1.117590E-8,1.791639E-7,1.764237E+2
1.174729E+2,3.612200E+3,-1.154840E-7,-7.450630E-8,1.374327E-7,-1.471713E+2
1.176728E+2,3.602300E+3,-2.197930E-7,1.862660E-8,2.205809E-7,1.751560E+2
1.178728E+2,3.581900E+3,-1.080340E-7,-8.940740E-8,1.402321E-7,-1.403893E+2
1.180738E+2,3.571500E+3,-2.086170E-7,1.862660E-8,2.094469E-7,1.748978E+2
1.182738E+2,3.551700E+3,-6.333040E-8,-1.043090E-7,1.220291E-7,-1.212637E+2
1.184738E+2,3.540700E+3,-8.568210E-8,-7.823160E-8,1.160242E-7,-1.376025E+2
1.186728E+2,3.518500E+3,-7.450630E-8,-6.333040E-8,9.778511E-8,-1.396354E+2
1.188728E+2,3.508400E+3,-1.937160E-7,5.960510E-8,2.026787E-7,1.628972E+2
1.190728E+2,3.488500E+3,-8.940740E-8,-5.960510E-8,1.074544E-7,-1.463099E+2
1.192728E+2,3.477900E+3,-2.160680E-7,6.705570E-8,2.262341E-7,1.627585E+2
1.194728E+2,3.464900E+3,-8.568210E-8,-6.705570E-8,1.088021E-7,-1.419529E+2
1.196728E+2,3.445600E+3,-2.011670E-7,5.587960E-8,2.087838E-7,1.644759E+2
1.198739E+2,3.434500E+3,-2.346940E-7,6.333040E-8,2.430885E-7,1.648988E+2
1.200738E+2,3.412300E+3,-1.415620E-7,-3.352780E-8,1.454782E-7,-1.666755E+2
1.202728E+2,3.401300E+3,-1.974410E-7,2.607710E-8,1.991556E-7,1.724762E+2
1.204728E+2,3.382500E+3,-2.458710E-7,8.568210E-8,2.603728E-7,1.607874E+2
1.206728E+2,3.371300E+3,-1.974410E-7,6.333040E-8,2.073492E-7,1.622160E+2
1.208728E+2,3.362200E+3,-9.685800E-8,-5.215430E-8,1.100070E-7,-1.516993E+2
1.210728E+2,3.341000E+3,-1.192100E-7,-5.587960E-8,1.316570E-7,-1.548852E+2
1.212728E+2,3.328900E+3,-9.313270E-8,-7.450630E-8,1.192681E-7,-1.413401E+2
1.214738E+2,3.307800E+3,-8.195680E-8,-7.823160E-8,1.133009E-7,-1.363322E+2
1.216739E+2,3.295800E+3,-1.043090E-7,-6.333040E-8,1.220291E-7,-1.487363E+2
1.218728E+2,3.286100E+3,-1.974410E-7,4.097840E-8,2.016486E-7,1.682749E+2
1.220728E+2,3.265700E+3,-7.078100E-8,-9.685800E-8,1.199643E-7,-1.261582E+2
1.222728E+2,3.255600E+3,-1.564630E-7,-2.607710E-8,1.586212E-7,-1.705377E+2
1.224738E+2,3.235600E+3,-2.086170E-7,2.607710E-8,2.102405E-7,1.728750E+2
1.226738E+2,3.223100E+3,-8.940740E-8,-8.568210E-8,1.238350E-7,-1.362189E+2
1.228728E+2,3.202400E+3,-6.705570E-8,-7.450630E-8,1.002380E-7,-1.319872E+2
1.230728E+2,3.192400E+3,-1.937160E-7,5.215430E-8,2.006140E-7,1.649315E+2
1.232739E+2,3.172300E+3,-1.192100E-7,-2.235190E-8,1.212874E-7,-1.693803E+2
1.234728E+2,3.161800E+3,-1.192100E-7,-1.862660E-8,1.206564E-7,-1.711193E+2
1.236738E+2,3.151200E+3,-2.160680E-7,6.705570E-8,2.262341E-7,1.627585E+2
1.238728E+2,3.129500E+3,-1.192100E-7,-5.960510E-8,1.332809E-7,-1.534349E+2
1.240729E+2,3.118200E+3,-2.346940E-7,5.587960E-8,2.412546E-7,1.666075E+2
1.242738E+2,3.096900E+3,-1.043090E-7,-7.823160E-8,1.303862E-7,-1.431302E+2
1.244728E+2,3.085600E+3,-2.346940E-7,4.842900E-8,2.396386E-7,1.683407E+2
1.246728E+2,3.066400E+3,-2.458710E-7,6.333040E-8,2.538962E-7,1.655560E+2
1.248728E+2,3.055000E+3,-1.303860E-7,-6.705570E-8,1.466185E-7,-1.527839E+2
1.250728E+2,3.042600E+3,-2.458710E-7,0.000000E+0,2.458710E-7,1.800000E+2
1.252728E+2,3.022500E+3,-2.235180E-7,1.490130E-8,2.240142E-7,1.761859E+2
1.254728E+2,3.012200E+3,-1.303860E-7,-6.333040E-8,1.449526E-7,-1.540935E+2
1.256728E+2,2.991700E+3,-2.160680E-7,4.842900E-8,2.214289E-7,1.673666E+2
1.258738E+2,2.978900E+3,-2.384200E-7,7.078100E-8,2.487047E-7,1.634652E+2
1.260728E+2,2.959100E+3,-2.235180E-7,1.862660E-8,2.242928E-7,1.752363E+2
1.262728E+2,2.948700E+3,-2.346940E-7,1.490130E-8,2.351666E-7,1.763670E+2
1.264728E+2,2.939700E+3,-2.719480E-7,2.980250E-8,2.735761E-7,1.737460E+2
1.266738E+2,2.915700E+3,-2.831240E-7,1.490130E-8,2.835159E-7,1.769872E+2
1.268738E+2,2.906700E+3,-2.384200E-7,-3.352780E-8,2.407659E-7,-1.719953E+2
1.270728E+2,2.885500E+3,-1.862650E-7,-3.725310E-8,1.899538E-7,-1.686900E+2
1.272729E+2,2.873400E+3,-1.378370E-7,-6.705570E-8,1.532824E-7,-1.540578E+2
1.274738E+2,2.862600E+3,-1.974410E-7,-2.980250E-8,1.996776E-7,-1.714164E+2
1.276728E+2,2.843400E+3,-2.533220E-7,0.000000E+0,2.533220E-7,1.800000E+2
1.278738E+2,2.830300E+3,-1.676390E-7,-7.450630E-8,1.834503E-7,-1.560375E+2
1.280728E+2,2.819100E+3,-1.750900E-7,-8.940740E-8,1.965965E-7,-1.529495E+2
1.282729E+2,2.797800E+3,-1.713640E-7,-1.154840E-7,2.066450E-7,-1.460236E+2
1.284728E+2,2.786500E+3,-2.533220E-7,-1.862660E-8,2.540059E-7,-1.757946E+2
1.286728E+2,2.765200E+3,-1.750900E-7,-8.568210E-8,1.949306E-7,-1.539247E+2
1.288728E+2,2.754600E+3,-2.607720E-7,0.000000E+0,2.607720E-7,1.800000E+2
1.290729E+2,2.735400E+3,-2.197930E-7,-3.352780E-8,2.223355E-7,-1.713268E+2
1.292728E+2,2.724200E+3,-3.054760E-7,5.960510E-8,3.112368E-7,1.689591E+2
1.294738E+2,2.714400E+3,-2.458710E-7,0.000000E+0,2.458710E-7,1.800000E+2
1.296738E+2,2.691900E+3,-3.092010E-7,4.470370E-8,3.124159E-7,1.717733E+2
1.298738E+2,2.681300E+3,-2.123420E-7,-5.215430E-8,2.186531E-7,-1.662005E+2
1.300728E+2,2.661200E+3,-2.086170E-7,-5.960510E-8,2.169650E-7,-1.640545E+2
1.302738E+2,2.648100E+3,-2.868490E-7,2.980250E-8,2.883930E-7,1.740685E+2
1.304729E+2,2.638900E+3,-1.713640E-7,-7.450630E-8,1.868604E-7,-1.565014E+2
1.306728E+2,2.615400E+3,-2.756730E-7,4.097840E-8,2.787020E-7,1.715450E+2
1.308728E+2,2.605500E+3,-2.123420E-7,-1.117590E-8,2.126359E-7,-1.769872E+2
1.310728E+2,2.582000E+3,-2.831240E-7,1.862660E-8,2.837361E-7,1.762360E+2
1.312738E+2,2.572400E+3,-2.868490E-7,1.117590E-8,2.870666E-7,1.777688E+2
1.314728E+2,2.562700E+3,-2.160680E-7,-6.705570E-8,2.262341E-7,-1.627585E+2
1.316738E+2,2.539100E+3,-3.315530E-7,3.352780E-8,3.332439E-7,1.742257E+2
1.318738E+2,2.530000E+3,-2.570470E-7,-3.352780E-8,2.592244E-7,-1.725686E+2
1.320728E+2,2.517000E+3,-2.384200E-7,-5.960510E-8,2.457577E-7,-1.659637E+2
1.322738E+2,2.496700E+3,-2.570470E-7,-2.607710E-8,2.583664E-7,-1.742072E+2
1.324739E+2,2.484200E+3,-1.974410E-7,-8.568210E-8,2.152310E-7,-1.565409E+2
1.326728E+2,2.473000E+3,-3.092010E-7,2.235190E-8,3.100078E-7,1.758653E+2
1.328739E+2,2.451400E+3,-2.346940E-7,-4.842900E-8,2.396386E-7,-1.683407E+2
1.330728E+2,2.440600E+3,-3.092010E-7,2.980250E-8,3.106339E-7,1.744945E+2
1.332739E+2,2.421200E+3,-3.278270E-7,4.842900E-8,3.313848E-7,1.715966E+2
1.334728E+2,2.410000E+3,-2.235180E-7,-5.960510E-8,2.313289E-7,-1.650685E+2
1.336738E+2,2.390700E+3,-2.756730E-7,0.000000E+0,2.756730E-7,1.800000E+2
1.338728E+2,2.379400E+3,-2.644970E-7,0.000000E+0,2.644970E-7,1.800000E+2
1.340728E+2,2.360000E+3,-2.905740E-7,1.862660E-8,2.911704E-7,1.763322E+2
1.342728E+2,2.348900E+3,-2.346940E-7,-4.842900E-8,2.396386E-7,-1.683407E+2
1.344738E+2,2.329300E+3,-2.980250E-7,0.000000E+0,2.980250E-7,1.800000E+2
1.346728E+2,2.318700E+3,-2.235180E-7,-5.960510E-8,2.313289E-7,-1.650685E+2
1.348738E+2,2.298500E+3,-2.831240E-7,7.450640E-9,2.832220E-7,1.784926E+2
1.350728E+2,2.288400E+3,-2.272440E-7,-6.333040E-8,2.359037E-7,-1.644274E+2
1.352738E+2,2.267700E+3,-3.203770E-7,6.333040E-8,3.265764E-7,1.688182E+2
1.354728E+2,2.258200E+3,-2.719480E-7,1.490130E-8,2.723559E-7,1.768636E+2
1.356738E+2,2.235100E+3,-3.017500E-7,3.352780E-8,3.036069E-7,1.736598E+2
1.358728E+2,2.224800E+3,-2.011670E-7,-6.705570E-8,2.120486E-7,-1.615650E+2
1.360728E+2,2.204300E+3,-3.241020E-7,3.725310E-8,3.262360E-7,1.734431E+2
1.362729E+2,2.194500E+3,-2.682230E-7,-2.607710E-8,2.694876E-7,-1.744471E+2
1.364738E+2,2.184900E+3,-2.458710E-7,-6.705570E-8,2.548510E-7,-1.647449E+2
1.366728E+2,2.161200E+3,-3.166510E-7,-7.450640E-9,3.167386E-7,-1.786521E+2
1.368728E+2,2.152100E+3,-3.203770E-7,0.000000E+0,3.203770E-7,1.800000E+2
1.370729E+2,2.139400E+3,-3.278270E-7,0.000000E+0,3.278270E-7,1.800000E+2
1.372728E+2,2.119000E+3,-2.980250E-7,-1.862660E-8,2.986065E-7,-1.764237E+2
1.374728E+2,2.108700E+3,-2.384200E-7,-7.450630E-8,2.497905E-7,-1.626460E+2
1.376728E+2,2.085800E+3,-2.570470E-7,-5.960510E-8,2.638673E-7,-1.669448E+2
1.378728E+2,2.075100E+3,-2.719480E-7,-2.607710E-8,2.731954E-7,-1.745227E+2
1.380738E+2,2.062100E+3,-3.390030E-7,5.215430E-8,3.429914E-7,1.712538E+2
1.382738E+2,2.042800E+3,-2.831240E-7,-3.725320E-9,2.831485E-7,-1.792462E+2
1.384728E+2,2.029700E+3,-3.203770E-7,4.097840E-8,3.229871E-7,1.727111E+2
1.386738E+2,2.010200E+3,-1.937160E-7,-8.568210E-8,2.118191E-7,-1.561398E+2
1.388736E+2,1.999100E+3,-3.017500E-7,2.607710E-8,3.028747E-7,1.750608E+2
1.390736E+2,1.989400E+3,-2.905740E-7,7.450640E-9,2.906695E-7,1.785312E+2
1.392726E+2,1.966700E+3,-2.309690E-7,-6.705570E-8,2.405060E-7,-1.638108E+2
1.394737E+2,1.956300E+3,-3.241020E-7,2.235190E-8,3.248718E-7,1.760548E+2
1.396726E+2,1.935000E+3,-2.123420E-7,-8.195680E-8,2.276094E-7,-1.588951E+2
1.398726E+2,1.924000E+3,-3.278270E-7,3.352780E-8,3.295370E-7,1.741605E+2
1.400726E+2,1.905500E+3,-3.278270E-7,2.980250E-8,3.291789E-7,1.748056E+2
1.402726E+2,1.895300E+3,-2.980250E-7,0.000000E+0,2.980250E-7,1.800000E+2
1.404736E+2,1.887000E+3,-2.086170E-7,-7.823160E-8,2.228031E-7,-1.594439E+2
1.406737E+2,1.864800E+3,-3.092010E-7,3.352780E-8,3.110135E-7,1.738114E+2
1.408726E+2,1.856300E+3,-2.570470E-7,-4.470370E-8,2.609053E-7,-1.701342E+2
1.410726E+2,1.837100E+3,-2.570470E-7,-3.725320E-9,2.570740E-7,-1.791697E+2
1.412736E+2,1.829100E+3,-2.048920E-7,-7.078100E-8,2.167733E-7,-1.609423E+2
1.414726E+2,1.810000E+3,-2.421460E-7,0.000000E+0,2.421460E-7,1.800000E+2
1.416726E+2,1.802100E+3,-2.235180E-7,-3.352780E-8,2.260186E-7,-1.714692E+2
1.418736E+2,1.790700E+3,-1.825400E-7,-8.568210E-8,2.016489E-7,-1.548552E+2
1.420726E+2,1.772800E+3,-2.421460E-7,-2.607710E-8,2.435461E-7,-1.738534E+2
1.422726E+2,1.762100E+3,-2.309690E-7,-3.725310E-8,2.339540E-7,-1.708376E+2
1.424726E+2,1.743400E+3,-2.160680E-7,-1.117590E-8,2.163568E-7,-1.770391E+2
1.426737E+2,1.732700E+3,-9.685800E-8,-9.685800E-8,1.369779E-7,-1.350000E+2
1.428736E+2,1.723100E+3,-1.415620E-7,-3.352780E-8,1.454782E-7,-1.666755E+2
1.430726E+2,1.705400E+3,-1.378370E-7,-3.725320E-9,1.378873E-7,-1.784518E+2
1.432726E+2,1.695100E+3,-1.601880E-7,2.980250E-8,1.629367E-7,1.694608E+2
1.434736E+2,1.677200E+3,-9.685800E-8,-1.117590E-8,9.750063E-8,-1.734181E+2
1.436726E+2,1.666400E+3,-7.450640E-9,-1.043090E-7,1.045748E-7,-9.408562E+1
1.438726E+2,1.645900E+3,1.117590E-8,-9.685800E-8,9.750063E-8,-8.341807E+1
1.440727E+2,1.635200E+3,-1.117590E-8,-5.215430E-8,5.333828E-8,-1.020947E+2
1.442726E+2,1.622000E+3,2.235190E-8,-7.078100E-8,7.422639E-8,-7.247443E+1
1.444737E+2,1.601700E+3,-2.607710E-8,0.000000E+0,2.607710E-8,1.800000E+2
1.446736E+2,1.591500E+3,6.705570E-8,-8.940740E-8,1.117593E-7,-5.313004E+1
1.448727E+2,1.571100E+3,2.980250E-8,1.117590E-8,3.182907E-8,2.055598E+1
1.450726E+2,1.560000E+3,1.639140E-7,-8.568210E-8,1.849574E-7,-2.759724E+1
1.452727E+2,1.538400E+3,1.825400E-7,-4.097840E-8,1.870831E-7,-1.265257E+1
1.454727E+2,1.524400E+3,1.415620E-7,1.862660E-8,1.427822E-7,7.495866E+0
1.456726E+2,1.514200E+3,2.048920E-7,-2.980250E-8,2.070481E-7,-8.275900E+0
1.458727E+2,1.491200E+3,2.309690E-7,-1.490130E-8,2.314492E-7,-3.691404E+0
1.460726E+2,1.468000E+3,2.011670E-7,5.960510E-8,2.098117E-7,1.650438E+1
1.462726E+2,1.457400E+3,2.235180E-7,6.333040E-8,2.323167E-7,1.581927E+1
1.464726E+2,1.443600E+3,3.762560E-7,-6.705570E-8,3.821846E-7,-1.010506E+1
1.466727E+2,1.431100E+3,3.166510E-7,3.725320E-9,3.166729E-7,6.740395E-1
1.468726E+2,1.406100E+3,4.284100E-7,-5.587960E-8,4.320390E-7,-7.431413E+0
1.470726E+2,1.394100E+3,4.321350E-7,-3.725310E-8,4.337378E-7,-4.927121E+0
1.472726E+2,1.368200E+3,4.805660E-7,2.607710E-8,4.812730E-7,3.106012E+0
1.474737E+2,1.357300E+3,5.513470E-7,-1.490130E-8,5.515483E-7,-1.548161E+0
1.476726E+2,1.344700E+3,4.991930E-7,7.078100E-8,5.041861E-7,8.070221E+0
1.478727E+2,1.320500E+3,6.556550E-7,-4.097840E-8,6.569343E-7,-3.576331E+0
1.480727E+2,1.308200E+3,5.736980E-7,5.587960E-8,5.764130E-7,5.563201E+0
1.482726E+2,1.286700E+3,5.699730E-7,7.078100E-8,5.743511E-7,7.078926E+0
1.484726E+2,1.274400E+3,6.146770E-7,3.725310E-8,6.158048E-7,3.468225E+0
1.486726E+2,1.251100E+3,6.891820E-7,1.490130E-8,6.893431E-7,1.238640E+0
1.488736E+2,1.239600E+3,6.631050E-7,6.705570E-8,6.664868E-7,5.774338E+0
1.490736E+2,1.219200E+3,8.009410E-7,-5.960510E-8,8.031558E-7,-4.256040E+0
1.492726E+2,1.207800E+3,8.009410E-7,-4.470370E-8,8.021876E-7,-3.194591E+0
1.494726E+2,1.194900E+3,7.823150E-7,1.117590E-8,7.823948E-7,8.184534E-1
1.496736E+2,1.175600E+3,8.605460E-7,-1.490130E-8,8.606750E-7,-9.920403E-1
1.498736E+2,1.162600E+3,8.083920E-7,5.587960E-8,8.103210E-7,3.954246E+0
1.500736E+2,1.154100E+3,9.164250E-7,-4.470370E-8,9.175147E-7,-2.792705E+0
1.502737E+2,1.134500E+3,9.499530E-7,-7.450630E-8,9.528703E-7,-4.484617E+0
1.504726E+2,1.126300E+3,8.791720E-7,7.450640E-9,8.792036E-7,4.855478E-1
1.506737E+2,1.107800E+3,9.127000E-7,2.235190E-8,9.129737E-7,1.402886E+0
1.508726E+2,1.100100E+3,8.866230E-7,5.587960E-8,8.883822E-7,3.606309E+0
1.510726E+2,1.079300E+3,8.940730E-7,5.960510E-8,8.960576E-7,3.814090E+0
1.512726E+2,1.072000E+3,9.760330E-7,0.000000E+0,9.760330E-7,0.000000E+0
1.514737E+2,1.054700E+3,1.043090E-6,-2.980250E-8,1.043516E-6,-1.636573E+0
1.516736E+2,1.047400E+3,1.013290E-6,7.450640E-9,1.013317E-6,4.212837E-1
1.518736E+2,1.030700E+3,1.080340E-6,-3.352780E-8,1.080860E-6,-1.777575E+0
1.520736E+2,1.023000E+3,9.723080E-7,8.568210E-8,9.760760E-7,5.036032E+0
1.522736E+2,1.012500E+3,1.013290E-6,5.587960E-8,1.014830E-6,3.156476E+0
1.524726E+2,9.954000E+2,1.076620E-6,2.980250E-8,1.077032E-6,1.585631E+0
1.526727E+2,9.876000E+2,1.069170E-6,2.980250E-8,1.069585E-6,1.596674E+0
1.528726E+2,9.724000E+2,1.035640E-6,7.078100E-8,1.038056E-6,3.909810E+0
1.530736E+2,9.641000E+2,1.002110E-6,1.117590E-7,1.008323E-6,6.363541E+0
1.532726E+2,9.494000E+2,1.121320E-6,-1.117590E-8,1.121376E-6,-5.710330E-1
1.534737E+2,9.406000E+2,1.031910E-6,7.450630E-8,1.034596E-6,4.129722E+0
1.536726E+2,9.262000E+2,1.039360E-6,8.195680E-8,1.042586E-6,4.508623E+0
1.538736E+2,9.175000E+2,1.031910E-6,8.940740E-8,1.035776E-6,4.951891E+0
1.540726E+2,9.106000E+2,1.110140E-6,7.450640E-9,1.110165E-6,3.845315E-1
1.542726E+2,8.945000E+2,1.154850E-6,-4.842900E-8,1.155865E-6,-2.401310E+0
1.544726E+2,8.854000E+2,1.136220E-6,-2.235190E-8,1.136440E-6,-1.126986E+0
1.546736E+2,8.698000E+2,1.125040E-6,-2.235190E-8,1.125262E-6,-1.138183E+0
1.548726E+2,8.625000E+2,1.154850E-6,-5.960510E-8,1.156387E-6,-2.954577E+0
1.550736E+2,8.465000E+2,1.020740E-6,6.705570E-8,1.022940E-6,3.758544E+0
1.552726E+2,8.372000E+2,1.069170E-6,2.980250E-8,1.069585E-6,1.596674E+0
1.554737E+2,8.306000E+2,1.128770E-6,-5.215430E-8,1.129974E-6,-2.645444E+0
1.556727E+2,8.119000E+2,1.013290E-6,5.587960E-8,1.014830E-6,3.156476E+0
1.558736E+2,8.050000E+2,1.117590E-6,-3.725310E-8,1.118211E-6,-1.909158E+0
1.560736E+2,7.961000E+2,1.106420E-6,-3.352780E-8,1.106928E-6,-1.735701E+0
1.562726E+2,7.797000E+2,1.087790E-6,-3.352780E-8,1.088307E-6,-1.765408E+0
1.564726E+2,7.712000E+2,1.005840E-6,5.960510E-8,1.007605E-6,3.391326E+0
1.566726E+2,7.539000E+2,1.091520E-6,-3.352780E-8,1.092035E-6,-1.759379E+0
1.568726E+2,7.461000E+2,9.909340E-7,5.587960E-8,9.925083E-7,3.227539E+0
1.570736E+2,7.372000E+2,9.946600E-7,1.862660E-8,9.948344E-7,1.072830E+0
1.572726E+2,7.209000E+2,1.050540E-6,-5.587960E-8,1.052025E-6,-3.044768E+0
1.574736E+2,7.118000E+2,9.574070E-7,2.607710E-8,9.577621E-7,1.560192E+0
1.576726E+2,6.968000E+2,9.462270E-7,4.097840E-8,9.471139E-7,2.479768E+0
1.578726E+2,6.864000E+2,9.834840E-7,0.000000E+0,9.834840E-7,0.000000E+0
1.580727E+2,6.713000E+2,9.201500E-7,4.842900E-8,9.214236E-7,3.012791E+0
1.582737E+2,6.622000E+2,9.201500E-7,5.960510E-8,9.220785E-7,3.706304E+0
1.584726E+2,6.473000E+2,1.013290E-6,-3.725310E-8,1.013975E-6,-2.105502E+0
1.586737E+2,6.382000E+2,9.201500E-7,3.352780E-8,9.207606E-7,2.086781E+0
1.588726E+2,6.231000E+2,8.493700E-7,5.215430E-8,8.509697E-7,3.513750E+0
1.590737E+2,6.141000E+2,8.493700E-7,4.842900E-8,8.507495E-7,3.263332E+0
1.592726E+2,5.988000E+2,8.903480E-7,-3.725320E-9,8.903558E-7,-2.397308E-1
1.594726E+2,5.902000E+2,9.350520E-7,-5.960510E-8,9.369498E-7,-3.647397E+0
1.596726E+2,5.744000E+2,8.344690E-7,2.607710E-8,8.348764E-7,1.789907E+0
1.598737E+2,5.665000E+2,8.344690E-7,1.862660E-8,8.346769E-7,1.278715E+0
1.600726E+2,5.595000E+2,9.015240E-7,-6.705570E-8,9.040144E-7,-4.253849E+0
1.602726E+2,5.404000E+2,7.599630E-7,5.215430E-8,7.617505E-7,3.925906E+0
1.604726E+2,5.337000E+2,8.530950E-7,-4.842900E-8,8.544685E-7,-3.249113E+0
1.606726E+2,5.251000E+2,8.009410E-7,-1.490130E-8,8.010796E-7,-1.065850E+0
1.608726E+2,5.077000E+2,8.083920E-7,-3.725310E-8,8.092499E-7,-2.638493E+0
1.610728E+2,4.999000E+2,7.487870E-7,2.235190E-8,7.491205E-7,1.709818E+0
1.612729E+2,4.823000E+2,6.929080E-7,6.333040E-8,6.957961E-7,5.222210E+0
1.614726E+2,4.736000E+2,6.631050E-7,6.705570E-8,6.664868E-7,5.774338E+0
1.616743E+2,4.548000E+2,6.780060E-7,2.980250E-8,6.786607E-7,2.516879E+0
1.618745E+2,4.162000E+2,7.338860E-7,-6.333040E-8,7.366135E-7,-4.932098E+0
1.620727E+2,3.965000E+2,6.184020E-7,2.980250E-8,6.191197E-7,2.759107E+0
1.622736E+2,3.509000E+2,6.444790E-7,-4.842900E-8,6.462960E-7,-4.297382E+0
1.624742E+2,3.280000E+2,5.215440E-7,3.352780E-8,5.226206E-7,3.678236E+0
1.626740E+2,2.710000E+2,4.135090E-7,7.078100E-8,4.195231E-7,9.713275E+0
1.628726E+2,2.461000E+2,4.805660E-7,-4.097840E-8,4.823100E-7,-4.873885E+0
1.630736E+2,2.185000E+2,4.209600E-7,-2.607710E-8,4.217669E-7,-3.544757E+0
1.632726E+2,1.564000E+2,3.576300E-7,-7.078100E-8,3.645671E-7,-1.119512E+1
1.634732E+2,1.274000E+2,2.160680E-7,7.450640E-9,2.161964E-7,1.974939E+0
1.636731E+2,7.170000E+1,1.639140E-7,-3.725310E-8,1.680940E-7,-1.280424E+1
1.638732E+2,4.390000E+1,2.980250E-8,3.725310E-8,4.770726E-8,5.134017E+1
1.640730E+2,-1.250000E+1,-3.725310E-8,5.960510E-8,7.028913E-8,1.220053E+2
1.642731E+2,-4.190000E+1,1.490130E-8,7.450640E-9,1.666016E-8,2.656502E+1
1.644727E+2,-9.740000E+1,1.117590E-8,-2.607710E-8,2.837104E-8,-6.680141E+1
1.646727E+2,-1.264000E+2,-9.685800E-8,6.333040E-8,1.157247E-7,1.468214E+2
1.648734E+2,-1.881000E+2,-1.676390E-7,4.097840E-8,1.725748E-7,1.662637E+2
1.650734E+2,-2.161000E+2,-2.160680E-7,4.097840E-8,2.199196E-7,1.692611E+2
1.652731E+2,-2.679000E+2,-1.899910E-7,-7.823160E-8,2.054672E-7,-1.576199E+2
1.654731E+2,-2.944000E+2,-2.495960E-7,-7.823160E-8,2.615690E-7,-1.625973E+2
1.656734E+2,-3.433000E+2,-4.209600E-7,2.235190E-8,4.215530E-7,1.769606E+2
1.656734E+2,-3.433000E+2,-4.209600E-7,2.235190E-8,4.801040E-7,1.733162E+2
