Sample Name, Varga_5_4_24G
Freq, 24, GHz, Power, 10, dBm
SR850: f = 25 Hz; phase = 97 deg; output = 5 V; sens. = 5 uV; tc = 300 ms; 12dB/oct
Time,Field,X,Y,R,theta
s,Oe,V,V,V,deg
2.290000E-5,-6.766000E+2,8.198000E-7,-2.677560E-8,8.202371E-7,-1.870680E+0
1.967392E-1,-6.772000E+2,7.930250E-7,6.984950E-10,7.930253E-7,5.046601E-2
3.957349E-1,-6.766000E+2,8.372630E-7,-1.955790E-8,8.374914E-7,-1.338148E+0
5.958090E-1,-6.694000E+2,8.158420E-7,1.466840E-8,8.159739E-7,1.030036E+0
7.967343E-1,-6.512000E+2,8.642710E-7,-8.149130E-9,8.643094E-7,-5.402205E-1
9.958096E-1,-6.386000E+2,8.626410E-7,8.149130E-9,8.626795E-7,5.412412E-1
1.195737E+0,-6.268000E+2,8.982640E-7,-4.656640E-9,8.982761E-7,-2.970212E-1
1.395740E+0,-5.994000E+2,9.457620E-7,5.122300E-9,9.457759E-7,3.103141E-1
1.595743E+0,-5.726000E+2,9.832510E-7,-1.164160E-9,9.832517E-7,-6.783764E-2
1.796760E+0,-5.581000E+2,9.918660E-7,5.587960E-9,9.918817E-7,3.227887E-1
1.995737E+0,-5.458000E+2,1.027720E-6,2.328320E-9,1.027723E-6,1.298045E-1
2.195740E+0,-5.187000E+2,1.124810E-6,-2.677560E-8,1.125129E-6,-1.363643E+0
2.395745E+0,-5.076000E+2,1.140410E-6,-2.048920E-8,1.140594E-6,-1.029295E+0
2.595741E+0,-4.840000E+2,1.239130E-6,-4.773050E-8,1.240049E-6,-2.205906E+0
2.795903E+0,-4.741000E+2,1.245420E-6,-1.187440E-8,1.245477E-6,-5.462674E-1
2.996759E+0,-4.549000E+2,1.360670E-6,-1.024460E-8,1.360709E-6,-4.313766E-1
3.196742E+0,-4.466000E+2,1.376970E-6,1.862660E-8,1.377096E-6,7.750064E-1
3.395806E+0,-4.314000E+2,1.460550E-6,4.656650E-10,1.460550E-6,1.826753E-2
3.596726E+0,-4.238000E+2,1.480810E-6,8.149130E-9,1.480832E-6,3.153045E-1
3.795775E+0,-4.112000E+2,1.577900E-6,-1.583260E-8,1.577979E-6,-5.748848E-1
3.995805E+0,-4.036000E+2,1.573710E-6,2.910390E-8,1.573979E-6,1.059497E+0
4.195805E+0,-3.892000E+2,1.658230E-6,-9.080450E-9,1.658255E-6,-3.137480E-1
4.396764E+0,-3.819000E+2,1.644960E-6,3.725310E-8,1.645382E-6,1.297345E+0
4.595700E+0,-3.675000E+2,1.740180E-6,1.327140E-8,1.740231E-6,4.369551E-1
4.796746E+0,-3.590000E+2,1.754390E-6,4.353960E-8,1.754930E-6,1.421647E+0
4.995741E+0,-3.511000E+2,1.776040E-6,5.331840E-8,1.776840E-6,1.719557E+0
5.196728E+0,-3.334000E+2,1.872900E-6,1.164160E-8,1.872936E-6,3.561354E-1
5.396755E+0,-3.242000E+2,1.897580E-6,2.724130E-8,1.897776E-6,8.224709E-1
5.596705E+0,-3.066000E+2,2.002820E-6,-1.722960E-8,2.002894E-6,-4.928845E-1
5.795728E+0,-2.971000E+2,2.032860E-6,-2.328320E-9,2.032861E-6,-6.562324E-2
5.995740E+0,-2.866000E+2,2.048690E-6,1.862660E-8,2.048775E-6,5.209164E-1
6.195744E+0,-2.703000E+2,2.168370E-6,2.328320E-9,2.168371E-6,6.152219E-2
6.396734E+0,-2.619000E+2,2.209580E-6,9.546110E-9,2.209601E-6,2.475350E-1
6.595745E+0,-2.524000E+2,2.274070E-6,-2.537870E-8,2.274212E-6,-6.393964E-1
6.796726E+0,-2.354000E+2,2.335310E-6,-7.683470E-9,2.335323E-6,-1.885098E-1
6.995746E+0,-2.282000E+2,2.370230E-6,-2.142050E-8,2.370327E-6,-5.177856E-1
7.195746E+0,-2.094000E+2,2.410510E-6,2.305030E-8,2.410620E-6,5.478694E-1
7.395746E+0,-2.025000E+2,2.504340E-6,-6.053630E-9,2.504347E-6,-1.384983E-1
7.595743E+0,-1.857000E+2,2.568140E-6,1.466840E-8,2.568182E-6,3.272517E-1
7.795751E+0,-1.788000E+2,2.578150E-6,3.865010E-8,2.578440E-6,8.588801E-1
7.995737E+0,-1.686000E+2,2.627970E-6,1.559980E-8,2.628016E-6,3.401075E-1
8.195745E+0,-1.528000E+2,2.718310E-6,-2.002350E-8,2.718384E-6,-4.220421E-1
8.395739E+0,-1.442000E+2,2.736010E-6,7.450640E-9,2.736020E-6,1.560262E-1
8.595794E+0,-1.287000E+2,2.869650E-6,-2.188620E-8,2.869733E-6,-4.369741E-1
8.795738E+0,-1.184000E+2,2.907600E-6,-2.910390E-8,2.907746E-6,-5.734884E-1
8.995818E+0,-1.093000E+2,2.914820E-6,-4.889470E-9,2.914824E-6,-9.611082E-2
9.195740E+0,-9.250000E+1,3.004460E-6,-2.002350E-8,3.004527E-6,-3.818473E-1
9.395825E+0,-8.340000E+1,3.028910E-6,-9.546110E-9,3.028925E-6,-1.805765E-1
9.595808E+0,-6.640000E+1,3.166510E-6,-4.633350E-8,3.166849E-6,-8.383124E-1
9.795831E+0,-5.780000E+1,3.195150E-6,-1.071030E-8,3.195168E-6,-1.920576E-1
9.995739E+0,-4.930000E+1,3.297830E-6,-2.817260E-8,3.297950E-6,-4.894527E-1
1.019674E+1,-3.230000E+1,3.355100E-6,-5.518110E-8,3.355554E-6,-9.422548E-1
1.039574E+1,-2.320000E+1,3.136480E-6,-3.911580E-8,3.136724E-6,-7.145125E-1
1.059579E+1,-5.900000E+0,2.429140E-6,-3.539050E-8,2.429398E-6,-8.346916E-1
1.079574E+1,3.100000E+0,1.622140E-6,1.117590E-8,1.622178E-6,3.947389E-1
1.099575E+1,1.270000E+1,1.002110E-6,-1.653110E-8,1.002246E-6,-9.450823E-1
1.119674E+1,2.920000E+1,-4.540220E-7,3.236370E-8,4.551740E-7,1.759227E+2
1.139575E+1,3.660000E+1,-1.173470E-6,-4.423810E-9,1.173478E-6,-1.797840E+2
1.159674E+1,5.350000E+1,-2.223080E-6,5.168860E-8,2.223681E-6,1.786681E+2
1.179675E+1,6.050000E+1,-2.504810E-6,1.816090E-8,2.504876E-6,1.795846E+2
1.199574E+1,7.750000E+1,-2.900390E-6,3.399350E-8,2.900589E-6,1.793285E+2
1.219575E+1,8.440000E+1,-3.024950E-6,5.215430E-8,3.025400E-6,1.790122E+2
1.239574E+1,1.013000E+2,-3.091770E-6,5.192150E-8,3.092206E-6,1.790379E+2
1.259575E+1,1.083000E+2,-3.106210E-6,4.749770E-8,3.106573E-6,1.791239E+2
1.279574E+1,1.203000E+2,-3.056620E-6,-3.259640E-9,3.056622E-6,-1.799389E+2
1.299670E+1,1.373000E+2,-3.000270E-6,-2.048920E-8,3.000340E-6,-1.796087E+2
1.319685E+1,1.445000E+2,-3.003060E-6,5.820790E-9,3.003066E-6,1.798889E+2
1.339570E+1,1.612000E+2,-2.918080E-6,-7.217780E-9,2.918089E-6,-1.798583E+2
1.359581E+1,1.691000E+2,-2.881760E-6,-4.889470E-9,2.881764E-6,-1.799028E+2
1.379575E+1,1.782000E+2,-2.854750E-6,2.281750E-8,2.854841E-6,1.795421E+2
1.399573E+1,1.949000E+2,-2.758130E-6,-1.257290E-8,2.758159E-6,-1.797388E+2
1.419674E+1,2.041000E+2,-2.704340E-6,-1.536690E-8,2.704384E-6,-1.796744E+2
1.439673E+1,2.212000E+2,-2.634260E-6,-1.466840E-8,2.634301E-6,-1.796810E+2
1.459574E+1,2.298000E+2,-2.607480E-6,-1.653110E-8,2.607532E-6,-1.796368E+2
1.479574E+1,2.402000E+2,-2.607950E-6,2.235190E-8,2.608046E-6,1.795090E+2
1.499574E+1,2.555000E+2,-2.535310E-6,1.862660E-9,2.535311E-6,1.799579E+2
1.519574E+1,2.647000E+2,-2.482220E-6,5.820790E-9,2.482227E-6,1.798656E+2
1.539574E+1,2.824000E+2,-2.351370E-6,-2.351600E-8,2.351488E-6,-1.794270E+2
1.559578E+1,2.913000E+2,-2.338330E-6,6.984950E-9,2.338340E-6,1.798289E+2
1.579570E+1,2.983000E+2,-2.255440E-6,-2.910390E-8,2.255628E-6,-1.792607E+2
1.599678E+1,3.174000E+2,-2.199100E-6,-4.889470E-9,2.199105E-6,-1.798726E+2
1.619580E+1,3.247000E+2,-2.143690E-6,-2.584430E-8,2.143846E-6,-1.793093E+2
1.639673E+1,3.343000E+2,-2.079890E-6,-5.587960E-8,2.080641E-6,-1.784610E+2
1.659574E+1,3.516000E+2,-2.044270E-6,-1.164160E-9,2.044270E-6,-1.799674E+2
1.679574E+1,3.588000E+2,-2.017260E-6,1.303860E-8,2.017302E-6,1.796297E+2
1.699574E+1,3.757000E+2,-1.899210E-6,-1.490130E-8,1.899268E-6,-1.795505E+2
1.719673E+1,3.833000E+2,-1.853340E-6,-3.841730E-8,1.853738E-6,-1.788125E+2
1.739583E+1,3.998000E+2,-1.826330E-6,-7.683470E-9,1.826346E-6,-1.797590E+2
1.759674E+1,4.096000E+2,-1.770680E-6,-2.793980E-8,1.770900E-6,-1.790960E+2
1.779674E+1,4.187000E+2,-1.792800E-6,2.863830E-8,1.793029E-6,1.790848E+2
1.799673E+1,4.360000E+2,-1.666610E-6,-1.350420E-8,1.666665E-6,-1.795358E+2
1.819573E+1,4.445000E+2,-1.677090E-6,2.980250E-8,1.677355E-6,1.789819E+2
1.839674E+1,4.601000E+2,-1.597460E-6,6.053630E-9,1.597471E-6,1.797829E+2
1.859575E+1,4.690000E+2,-1.569750E-6,1.932510E-8,1.569869E-6,1.792947E+2
1.879674E+1,4.841000E+2,-1.436340E-6,-1.676390E-8,1.436438E-6,-1.793313E+2
1.899574E+1,4.934000E+2,-1.403740E-6,-1.350420E-8,1.403805E-6,-1.794488E+2
1.919574E+1,5.105000E+2,-1.344140E-6,-1.466840E-8,1.344220E-6,-1.793748E+2
1.939575E+1,5.191000E+2,-1.330400E-6,-9.778940E-9,1.330436E-6,-1.795789E+2
1.959673E+1,5.343000E+2,-1.275450E-6,-3.422630E-8,1.275909E-6,-1.784629E+2
1.979581E+1,5.435000E+2,-1.294780E-6,6.053630E-9,1.294794E-6,1.797321E+2
1.999574E+1,5.512000E+2,-1.267300E-6,1.629820E-9,1.267301E-6,1.799263E+2
2.019673E+1,5.691000E+2,-1.214920E-6,6.053630E-9,1.214935E-6,1.797145E+2
2.039671E+1,5.778000E+2,-1.144140E-6,-5.052450E-8,1.145255E-6,-1.774715E+2
2.059574E+1,5.938000E+2,-1.168820E-6,-3.073390E-8,1.169224E-6,-1.784938E+2
2.079676E+1,6.020000E+2,-1.116660E-6,-6.565870E-8,1.118589E-6,-1.766349E+2
2.099579E+1,6.185000E+2,-1.100130E-6,-2.258470E-8,1.100362E-6,-1.788239E+2
2.119575E+1,6.262000E+2,-1.071490E-6,-2.468020E-8,1.071774E-6,-1.786805E+2
2.139676E+1,6.447000E+2,-1.025160E-6,-3.003540E-8,1.025600E-6,-1.783218E+2
2.159674E+1,6.533000E+2,-1.012350E-6,-1.001180E-8,1.012400E-6,-1.794334E+2
2.179574E+1,6.628000E+2,-9.548460E-7,-4.353960E-8,9.558382E-7,-1.773892E+2
2.199574E+1,6.802000E+2,-9.466930E-7,2.281750E-8,9.469679E-7,1.786193E+2
2.219580E+1,6.875000E+2,-9.245740E-7,9.778940E-9,9.246257E-7,1.793940E+2
2.239574E+1,6.962000E+2,-8.703250E-7,-1.490130E-8,8.704526E-7,-1.790191E+2
2.259580E+1,7.147000E+2,-8.398240E-7,1.094310E-8,8.398953E-7,1.792535E+2
2.279574E+1,7.236000E+2,-8.204990E-7,1.932510E-8,8.207265E-7,1.786508E+2
2.299673E+1,7.394000E+2,-7.636880E-7,-1.839370E-8,7.639095E-7,-1.786203E+2
2.319574E+1,7.488000E+2,-7.881350E-7,2.305030E-8,7.884720E-7,1.783248E+2
2.339574E+1,7.639000E+2,-7.660160E-7,7.683470E-9,7.660545E-7,1.794253E+2
2.359574E+1,7.749000E+2,-7.436650E-7,-1.629830E-8,7.438436E-7,-1.787445E+2
2.379574E+1,7.906000E+2,-6.933730E-7,-3.771880E-8,6.943982E-7,-1.768862E+2
2.399674E+1,7.997000E+2,-7.089730E-7,-1.303860E-8,7.090929E-7,-1.789464E+2
2.419577E+1,8.153000E+2,-6.391240E-7,-3.795160E-8,6.402498E-7,-1.766017E+2
2.439678E+1,8.247000E+2,-6.607770E-7,5.820790E-9,6.608026E-7,1.794953E+2
2.459580E+1,8.324000E+2,-6.156080E-7,6.984950E-10,6.156084E-7,1.799350E+2
2.479581E+1,8.496000E+2,-6.051300E-7,1.862660E-8,6.054166E-7,1.782369E+2
2.499671E+1,8.570000E+2,-5.615910E-7,-1.606540E-8,5.618207E-7,-1.783614E+2
2.519674E+1,8.764000E+2,-5.585640E-7,-2.561150E-9,5.585699E-7,-1.797373E+2
2.539574E+1,8.846000E+2,-5.471560E-7,3.026810E-9,5.471644E-7,1.796831E+2
2.559675E+1,8.943000E+2,-5.017540E-7,-1.862660E-8,5.020996E-7,-1.778740E+2
2.579575E+1,9.121000E+2,-5.136280E-7,1.280570E-8,5.137876E-7,1.785718E+2
2.599674E+1,9.219000E+2,-4.712510E-7,-2.956960E-8,4.721778E-7,-1.764096E+2
2.619574E+1,9.394000E+2,-4.505290E-7,-6.216620E-8,4.547978E-7,-1.721437E+2
2.639580E+1,9.495000E+2,-4.221240E-7,-6.961680E-8,4.278261E-7,-1.706351E+2
2.659574E+1,9.567000E+2,-4.086200E-7,-7.334210E-8,4.151498E-7,-1.698245E+2
2.679673E+1,9.766000E+2,-3.923210E-7,-3.539050E-8,3.939140E-7,-1.748454E+2
2.699575E+1,9.840000E+2,-3.641490E-7,-5.867350E-8,3.688456E-7,-1.708469E+2
2.719671E+1,9.935000E+2,-3.562330E-7,-5.308560E-8,3.601667E-7,-1.715242E+2
2.739575E+1,1.011000E+3,-3.292240E-7,-6.868550E-8,3.363126E-7,-1.682155E+2
2.759674E+1,1.019900E+3,-3.548360E-7,-3.329500E-8,3.563946E-7,-1.746395E+2
2.779670E+1,1.035500E+3,-2.996550E-7,-4.284110E-8,3.027020E-7,-1.718637E+2
2.799670E+1,1.045000E+3,-3.241020E-7,-5.355130E-9,3.241462E-7,-1.790534E+2
2.819670E+1,1.060500E+3,-2.908070E-7,-2.561150E-9,2.908183E-7,-1.794954E+2
2.839572E+1,1.070000E+3,-2.591420E-7,-1.885940E-8,2.598274E-7,-1.758376E+2
2.859573E+1,1.085900E+3,-2.193270E-7,-2.724130E-8,2.210123E-7,-1.729199E+2
2.879680E+1,1.095300E+3,-2.433100E-7,1.094310E-8,2.435560E-7,1.774248E+2
2.899575E+1,1.113100E+3,-1.804450E-7,-2.491300E-8,1.821567E-7,-1.721392E+2
2.919678E+1,1.122700E+3,-2.151360E-7,2.211900E-8,2.162701E-7,1.741298E+2
2.939569E+1,1.130500E+3,-1.902240E-7,-5.820790E-9,1.903130E-7,-1.782473E+2
2.959675E+1,1.149600E+3,-1.657760E-7,4.889470E-9,1.658481E-7,1.783106E+2
2.979577E+1,1.158200E+3,-1.578600E-7,1.513410E-8,1.585838E-7,1.745238E+2
2.999674E+1,1.175000E+3,-1.208400E-7,8.381960E-9,1.211304E-7,1.760321E+2
3.019582E+1,1.183000E+3,-7.217800E-8,-2.048920E-8,7.502980E-8,-1.641523E+2
3.039674E+1,1.190700E+3,-4.959320E-8,-3.422630E-8,6.025716E-8,-1.453889E+2
3.059574E+1,1.210500E+3,-1.234010E-8,-4.516940E-8,4.682470E-8,-1.052801E+2
3.079673E+1,1.217600E+3,-3.469200E-8,-8.847620E-9,3.580245E-8,-1.656927E+2
3.099569E+1,1.237400E+3,3.958150E-9,2.328320E-10,3.964992E-9,3.366456E+0
3.119573E+1,1.244700E+3,6.496020E-8,-5.238710E-8,8.345200E-8,-3.888441E+1
3.139674E+1,1.253200E+3,8.475080E-8,-5.937200E-8,1.034782E-7,-3.501309E+1
3.159572E+1,1.271900E+3,1.010490E-7,-4.423800E-8,1.103082E-7,-2.364321E+1
3.179573E+1,1.279500E+3,1.301530E-7,-4.586790E-8,1.379988E-7,-1.941323E+1
3.199574E+1,1.298800E+3,1.834710E-7,-4.400520E-8,1.886745E-7,-1.348751E+1
3.219580E+1,1.306700E+3,1.518060E-7,1.257290E-8,1.523258E-7,4.734554E+0
3.239674E+1,1.315200E+3,1.804450E-7,-1.396990E-8,1.809850E-7,-4.426961E+0
3.259673E+1,1.333200E+3,2.093160E-7,-2.584430E-8,2.109055E-7,-7.038701E+0
3.279575E+1,1.342800E+3,2.093160E-7,-4.656650E-10,2.093165E-7,-1.274656E-1
3.299673E+1,1.360500E+3,3.117620E-7,-1.466840E-8,3.121069E-7,-2.693780E+0
3.319675E+1,1.369400E+3,3.241020E-7,9.080450E-9,3.242292E-7,1.604851E+0
3.339574E+1,1.378200E+3,3.781190E-7,-2.025640E-8,3.786612E-7,-3.066489E+0
3.359674E+1,1.395800E+3,4.021000E-7,1.885940E-8,4.025420E-7,2.685334E+0
3.379574E+1,1.405100E+3,4.228220E-7,5.122300E-9,4.228530E-7,6.940789E-1
3.399575E+1,1.422000E+3,4.614720E-7,-2.025640E-8,4.619164E-7,-2.513396E+0
3.419571E+1,1.431000E+3,4.670600E-7,1.327140E-8,4.672485E-7,1.627608E+0
3.439574E+1,1.438600E+3,4.721820E-7,3.096670E-8,4.731963E-7,3.752206E+0
3.459574E+1,1.457100E+3,5.771910E-7,-2.281750E-8,5.776418E-7,-2.263837E+0
3.479674E+1,1.467000E+3,5.625220E-7,2.211900E-8,5.629567E-7,2.251775E+0
3.499574E+1,1.473800E+3,6.323720E-7,-1.257290E-8,6.324970E-7,-1.139012E+0
3.519674E+1,1.490700E+3,6.957020E-7,0.000000E+0,6.957020E-7,0.000000E+0
3.539670E+1,1.497700E+3,6.840600E-7,4.400520E-8,6.854740E-7,3.680734E+0
3.559675E+1,1.514600E+3,7.597300E-7,1.280570E-8,7.598379E-7,9.656629E-1
3.579570E+1,1.522200E+3,7.408710E-7,4.726480E-8,7.423771E-7,3.650310E+0
3.599572E+1,1.541600E+3,8.342360E-7,4.423810E-9,8.342477E-7,3.038268E-1
3.619580E+1,1.548600E+3,8.798710E-7,-1.140880E-8,8.799450E-7,-7.428810E-1
3.639574E+1,1.557700E+3,8.959360E-7,3.492470E-9,8.959428E-7,2.233449E-1
3.659673E+1,1.575200E+3,9.706780E-7,-1.280570E-8,9.707625E-7,-7.558325E-1
3.679673E+1,1.583500E+3,9.532120E-7,3.841730E-8,9.539859E-7,2.307943E+0
3.699579E+1,1.599100E+3,1.032840E-6,2.258470E-8,1.033087E-6,1.252664E+0
3.719673E+1,1.607900E+3,1.044020E-6,5.401690E-8,1.045416E-6,2.961805E+0
3.739580E+1,1.623200E+3,1.146470E-6,2.165340E-8,1.146674E-6,1.082018E+0
3.759574E+1,1.632300E+3,1.141580E-6,5.122300E-8,1.142729E-6,2.569154E+0
3.779574E+1,1.649200E+3,1.239600E-6,-6.519290E-9,1.239617E-6,-3.013265E-1
3.799674E+1,1.657700E+3,1.236800E-6,3.725310E-8,1.237361E-6,1.725259E+0
3.819574E+1,1.673100E+3,1.336920E-6,-1.396990E-9,1.336921E-6,-5.987015E-2
3.839581E+1,1.682000E+3,1.345540E-6,2.700850E-8,1.345811E-6,1.149921E+0
3.859574E+1,1.697300E+3,1.426560E-6,-5.587960E-9,1.426571E-6,-2.244314E-1
3.879581E+1,1.706400E+3,1.434710E-6,2.910390E-8,1.435005E-6,1.162118E+0
3.899574E+1,1.721700E+3,1.514570E-6,1.396990E-8,1.514634E-6,5.284626E-1
3.919581E+1,1.730800E+3,1.509680E-6,5.099010E-8,1.510541E-6,1.934455E+0
3.939574E+1,1.746100E+3,1.616080E-6,4.144410E-8,1.616611E-6,1.469019E+0
3.959676E+1,1.754900E+3,1.644720E-6,6.100210E-8,1.645851E-6,2.124107E+0
3.979574E+1,1.761700E+3,1.716200E-6,1.653110E-8,1.716280E-6,5.518780E-1
3.999673E+1,1.778700E+3,1.746240E-6,4.796330E-8,1.746899E-6,1.573326E+0
4.019574E+1,1.785800E+3,1.807940E-6,1.396990E-9,1.807941E-6,4.427227E-2
4.039574E+1,1.802500E+3,1.875920E-6,2.328320E-9,1.875921E-6,7.111329E-2
4.059573E+1,1.810100E+3,1.872200E-6,3.585610E-8,1.872543E-6,1.097186E+0
4.079574E+1,1.826600E+3,1.995140E-6,-4.190980E-9,1.995144E-6,-1.203550E-1
4.099574E+1,1.834900E+3,2.023080E-6,6.519290E-9,2.023091E-6,1.846326E-1
4.119674E+1,1.850800E+3,2.065690E-6,3.911580E-8,2.066060E-6,1.084820E+0
4.139574E+1,1.860700E+3,2.140890E-6,5.820790E-9,2.140898E-6,1.557791E-1
4.159574E+1,1.870100E+3,2.144380E-6,3.189800E-8,2.144617E-6,8.522212E-1
4.179674E+1,1.886800E+3,2.240080E-6,-1.606540E-8,2.240138E-6,-4.109067E-1
4.179674E+1,1.886800E+3,2.240080E-6,-1.606540E-8,2.255483E-6,3.548780E-1
4.219673E+1,1.913200E+3,2.359290E-6,-1.396990E-8,2.359331E-6,-3.392576E-1
4.239574E+1,1.921300E+3,2.376520E-6,-9.546110E-9,2.376539E-6,-2.301470E-1
4.259575E+1,1.930200E+3,2.392350E-6,2.421450E-8,2.392473E-6,5.799073E-1
4.279574E+1,1.947100E+3,2.478960E-6,1.513410E-8,2.479006E-6,3.497875E-1
4.299581E+1,1.956500E+3,2.501080E-6,4.400520E-8,2.501467E-6,1.007985E+0
4.319673E+1,1.966400E+3,2.557190E-6,2.328320E-8,2.557296E-6,5.216633E-1
4.339580E+1,1.982300E+3,2.632160E-6,2.328320E-9,2.632161E-6,5.068190E-2
4.359673E+1,1.992900E+3,2.639850E-6,1.932510E-8,2.639921E-6,4.194280E-1
4.379574E+1,2.008900E+3,2.703880E-6,2.747410E-8,2.704020E-6,5.821619E-1
4.399581E+1,2.016700E+3,2.764650E-6,1.303860E-8,2.764681E-6,2.702155E-1
4.419574E+1,2.024100E+3,2.791420E-6,4.377240E-8,2.791763E-6,8.983844E-1
4.439673E+1,2.043300E+3,2.883850E-6,2.048920E-8,2.883923E-6,4.070687E-1
4.459674E+1,2.050200E+3,2.942300E-6,-6.984950E-10,2.942300E-6,-1.360188E-2
4.479679E+1,2.067100E+3,3.012140E-6,1.629820E-9,3.012140E-6,3.100181E-2
4.499574E+1,2.074200E+3,3.016340E-6,3.445920E-8,3.016537E-6,6.545286E-1
4.519677E+1,2.090900E+3,3.073150E-6,4.819620E-8,3.073528E-6,8.984959E-1
4.539574E+1,2.098500E+3,3.139500E-6,2.863830E-8,3.139631E-6,5.226336E-1
4.559574E+1,2.117400E+3,3.171170E-6,5.099010E-8,3.171580E-6,9.211950E-1
4.579574E+1,2.124400E+3,3.232400E-6,1.979070E-8,3.232461E-6,3.507949E-1
4.599673E+1,2.134500E+3,3.267560E-6,3.725320E-9,3.267562E-6,6.532245E-2
4.619574E+1,2.150700E+3,3.311330E-6,8.614790E-9,3.311341E-6,1.490610E-1
4.639673E+1,2.160300E+3,3.341370E-6,-6.984950E-10,3.341370E-6,-1.197737E-2
4.659583E+1,2.169500E+3,3.331820E-6,4.842900E-8,3.332172E-6,8.327527E-1
4.679674E+1,2.186500E+3,3.430310E-6,2.048920E-8,3.430371E-6,3.422229E-1
4.699574E+1,2.195100E+3,3.419370E-6,6.053640E-8,3.419906E-6,1.014256E+0
4.719574E+1,2.203600E+3,3.447310E-6,5.844070E-8,3.447805E-6,9.712166E-1
4.739574E+1,2.221900E+3,3.499920E-6,5.494830E-8,3.500351E-6,8.994626E-1
4.759673E+1,2.230000E+3,3.544630E-6,1.164160E-8,3.544649E-6,1.881754E-1
4.779583E+1,2.247500E+3,3.592130E-6,2.328320E-9,3.592131E-6,3.713755E-2
4.799673E+1,2.256300E+3,3.622160E-6,1.420270E-8,3.622188E-6,2.246589E-1
4.819574E+1,2.272100E+3,3.634970E-6,7.147950E-8,3.635673E-6,1.126542E+0
4.839574E+1,2.280500E+3,3.658250E-6,7.101380E-8,3.658939E-6,1.112084E+0
4.859574E+1,2.296700E+3,3.704120E-6,5.611240E-8,3.704545E-6,8.678871E-1
4.879570E+1,2.304500E+3,3.748590E-6,3.213090E-8,3.748728E-6,4.910966E-1
4.899573E+1,2.320100E+3,3.750680E-6,5.611240E-8,3.751100E-6,8.571150E-1
4.919670E+1,2.328500E+3,3.791890E-6,4.610070E-8,3.792170E-6,6.965512E-1
4.939574E+1,2.335500E+3,3.831490E-6,4.260820E-8,3.831727E-6,6.371332E-1
4.959573E+1,2.354900E+3,3.897850E-6,2.468020E-8,3.897928E-6,3.627775E-1
4.979573E+1,2.362000E+3,3.882710E-6,6.868550E-8,3.883317E-6,1.013462E+0
4.999573E+1,2.381200E+3,3.938590E-6,8.707910E-8,3.939553E-6,1.266558E+0
5.019574E+1,2.388000E+3,3.950930E-6,1.047740E-7,3.952319E-6,1.519060E+0
5.039573E+1,2.404900E+3,4.010770E-6,6.565870E-8,4.011307E-6,9.378824E-1
5.059581E+1,2.411700E+3,3.987020E-6,9.895350E-8,3.988248E-6,1.421727E+0
5.079674E+1,2.420900E+3,4.015430E-6,9.313270E-8,4.016510E-6,1.328663E+0
5.099571E+1,2.437900E+3,4.056640E-6,5.634520E-8,4.057031E-6,7.957656E-1
5.119574E+1,2.446300E+3,4.037310E-6,8.195680E-8,4.038142E-6,1.162936E+0
5.139674E+1,2.461900E+3,4.088770E-6,6.635720E-8,4.089308E-6,9.297793E-1
5.159574E+1,2.470900E+3,4.098780E-6,6.076930E-8,4.099230E-6,8.494160E-1
5.179574E+1,2.486100E+3,4.131380E-6,4.563500E-8,4.131632E-6,6.328604E-1
5.199574E+1,2.495400E+3,4.192140E-6,7.916300E-9,4.192147E-6,1.081953E-1
5.219673E+1,2.505400E+3,4.194010E-6,3.399350E-8,4.194148E-6,4.643865E-1
5.239574E+1,2.521100E+3,4.238710E-6,2.421450E-8,4.238779E-6,3.273103E-1
5.259575E+1,2.536400E+3,4.265720E-6,-2.328320E-10,4.265720E-6,-3.127325E-3
5.279574E+1,2.545500E+3,4.241970E-6,3.515770E-8,4.242116E-6,4.748600E-1
5.299681E+1,2.553300E+3,4.268750E-6,1.839370E-8,4.268790E-6,2.468814E-1
5.319574E+1,2.569900E+3,4.292260E-6,8.614790E-9,4.292269E-6,1.149955E-1
5.339574E+1,2.577000E+3,4.313450E-6,-8.847620E-9,4.313459E-6,-1.175232E-1
5.359674E+1,2.594000E+3,4.312050E-6,2.002350E-8,4.312096E-6,2.660576E-1
5.379581E+1,2.600800E+3,4.310190E-6,1.746240E-8,4.310225E-6,2.321281E-1
5.399573E+1,2.617800E+3,4.352100E-6,1.234010E-8,4.352117E-6,1.624581E-1
5.419574E+1,2.624600E+3,4.377010E-6,-9.313300E-10,4.377010E-6,-1.219126E-2
5.439674E+1,2.643900E+3,4.373520E-6,1.932510E-8,4.373563E-6,2.531690E-1
5.439674E+1,2.643900E+3,4.373520E-6,1.932510E-8,4.398908E-6,-1.122077E-1
5.479677E+1,2.667900E+3,4.399600E-6,2.398170E-8,4.399665E-6,3.123094E-1
5.499674E+1,2.677200E+3,4.412170E-6,3.492480E-8,4.412308E-6,4.535188E-1
5.519674E+1,2.685900E+3,4.416590E-6,4.144410E-8,4.416784E-6,5.376325E-1
5.539574E+1,2.701600E+3,4.452450E-6,4.284110E-8,4.452656E-6,5.512782E-1
5.559574E+1,2.710700E+3,4.439410E-6,6.030360E-8,4.439820E-6,7.782407E-1
5.579675E+1,2.726200E+3,4.481790E-6,6.496020E-8,4.482261E-6,8.304014E-1
5.599575E+1,2.734600E+3,4.518570E-6,5.145580E-8,4.518863E-6,6.524349E-1
5.619571E+1,2.752500E+3,4.536730E-6,5.890640E-8,4.537112E-6,7.439055E-1
5.639580E+1,2.761400E+3,4.533240E-6,7.543760E-8,4.533868E-6,9.533705E-1
5.659571E+1,2.776700E+3,4.573060E-6,3.958140E-8,4.573231E-6,4.959022E-1
5.679574E+1,2.785800E+3,4.557220E-6,6.519300E-8,4.557686E-6,8.195850E-1
5.699572E+1,2.793700E+3,4.572590E-6,5.913920E-8,4.572972E-6,7.409887E-1
5.719573E+1,2.810300E+3,4.605420E-6,5.564680E-8,4.605756E-6,6.922651E-1
5.739574E+1,2.817500E+3,4.609380E-6,6.263190E-8,4.609805E-6,7.784827E-1
5.759582E+1,2.834500E+3,4.623580E-6,1.017470E-7,4.624699E-6,1.260654E+0
5.779575E+1,2.849800E+3,4.657110E-6,6.589150E-8,4.657576E-6,8.105999E-1
5.799581E+1,2.858300E+3,4.679230E-6,5.145580E-8,4.679513E-6,6.300356E-1
5.819574E+1,2.865200E+3,4.662000E-6,5.983790E-8,4.662384E-6,7.353648E-1
5.839574E+1,2.884800E+3,4.668750E-6,5.611240E-8,4.669087E-6,6.885888E-1
5.859674E+1,2.891800E+3,4.682720E-6,5.913920E-8,4.683093E-6,7.235638E-1
5.879574E+1,2.901500E+3,4.716010E-6,2.793980E-8,4.716093E-6,3.394424E-1
5.899674E+1,2.918300E+3,4.714620E-6,5.541390E-8,4.714946E-6,6.734024E-1
5.919574E+1,2.927600E+3,4.747910E-6,3.096670E-8,4.748011E-6,3.736878E-1
5.939574E+1,2.944500E+3,4.796110E-6,2.770700E-8,4.796190E-6,3.309925E-1
5.959579E+1,2.951400E+3,4.799830E-6,3.865010E-8,4.799986E-6,4.613580E-1
5.979574E+1,2.960500E+3,4.792850E-6,4.796330E-8,4.793090E-6,5.733547E-1
5.999574E+1,2.978000E+3,4.838720E-6,8.847620E-9,4.838728E-6,1.047655E-1
6.019574E+1,2.986200E+3,4.824510E-6,4.097840E-8,4.824684E-6,4.866469E-1
6.039574E+1,3.002100E+3,4.849890E-6,3.166520E-8,4.849993E-6,3.740820E-1
6.059580E+1,3.011000E+3,4.859670E-6,3.888290E-8,4.859826E-6,4.584218E-1
6.079574E+1,3.026400E+3,4.889940E-6,3.678750E-8,4.890078E-6,4.310337E-1
6.099574E+1,3.035700E+3,4.906240E-6,5.913920E-8,4.906596E-6,6.906027E-1
6.119574E+1,3.053000E+3,4.952800E-6,3.259650E-8,4.952907E-6,3.770826E-1
6.139576E+1,3.061400E+3,4.944190E-6,5.844070E-8,4.944535E-6,6.772089E-1
6.159574E+1,3.070000E+3,4.985860E-6,2.654280E-8,4.985931E-6,3.050178E-1
6.179573E+1,3.086000E+3,4.986330E-6,5.331840E-8,4.986615E-6,6.126355E-1
6.199574E+1,3.101200E+3,5.034990E-6,5.099010E-8,5.035248E-6,5.802231E-1
6.219577E+1,3.110500E+3,5.039880E-6,8.195680E-8,5.040546E-6,9.316422E-1
6.239575E+1,3.117900E+3,5.084820E-6,5.355130E-8,5.085102E-6,6.033940E-1
6.259680E+1,3.137000E+3,5.105770E-6,1.024460E-7,5.106798E-6,1.149471E+0
6.279673E+1,3.144500E+3,5.160020E-6,7.962850E-8,5.160634E-6,8.841080E-1
6.299574E+1,3.160800E+3,5.153740E-6,8.521650E-8,5.154444E-6,9.472928E-1
6.319574E+1,3.168400E+3,5.201000E-6,6.682280E-8,5.201429E-6,7.360996E-1
6.339574E+1,3.185100E+3,5.255480E-6,6.053640E-8,5.255829E-6,6.599448E-1
6.359581E+1,3.192200E+3,5.248030E-6,6.845270E-8,5.248476E-6,7.472954E-1
6.379574E+1,3.202400E+3,5.290870E-6,2.631000E-8,5.290935E-6,2.849134E-1
6.399575E+1,3.218500E+3,5.317180E-6,3.445920E-8,5.317292E-6,3.713132E-1
6.419574E+1,3.225900E+3,5.308330E-6,5.844070E-8,5.308652E-6,6.307577E-1
6.439574E+1,3.242500E+3,5.375160E-6,2.305030E-8,5.375209E-6,2.457000E-1
6.459574E+1,3.250400E+3,5.366310E-6,3.981430E-8,5.366458E-6,4.250872E-1
6.479574E+1,3.266500E+3,5.409850E-6,6.472740E-8,5.410237E-6,6.854959E-1
6.499674E+1,3.277000E+3,5.451530E-6,6.309760E-8,5.451895E-6,6.631285E-1
6.519574E+1,3.292900E+3,5.460840E-6,2.793980E-8,5.460911E-6,2.931451E-1
6.539574E+1,3.301600E+3,5.460840E-6,4.470370E-8,5.461023E-6,4.690260E-1
6.559579E+1,3.309800E+3,5.460840E-6,5.099010E-8,5.461078E-6,5.349786E-1
6.579675E+1,3.325100E+3,5.460840E-6,7.357490E-8,5.461336E-6,7.719099E-1
6.599579E+1,3.341000E+3,5.460840E-6,3.562330E-8,5.460956E-6,3.737586E-1
6.619674E+1,3.349600E+3,5.460840E-6,6.123490E-8,5.461183E-6,6.424569E-1
6.639673E+1,3.365300E+3,5.460840E-6,4.470370E-8,5.461023E-6,4.690260E-1
6.659674E+1,3.374400E+3,5.460840E-6,7.101380E-8,5.461302E-6,7.450432E-1
6.679579E+1,3.382300E+3,5.460840E-6,4.749770E-8,5.461047E-6,4.983389E-1
6.699575E+1,3.398800E+3,5.460840E-6,2.793980E-8,5.460911E-6,2.931451E-1
6.719673E+1,3.406200E+3,5.460840E-6,5.424980E-8,5.461109E-6,5.691766E-1
6.739663E+1,3.425600E+3,5.460840E-6,2.165340E-8,5.460883E-6,2.271888E-1
6.759662E+1,3.435200E+3,5.460840E-6,2.933680E-8,5.460919E-6,3.078022E-1
6.779558E+1,3.442200E+3,5.460840E-6,6.286460E-9,5.460844E-6,6.595825E-2
6.799560E+1,3.456700E+3,5.460840E-6,4.889470E-8,5.461059E-6,5.129953E-1
6.819561E+1,3.463200E+3,5.460840E-6,3.632180E-8,5.460961E-6,3.810870E-1
6.839560E+1,3.471900E+3,5.460840E-6,3.329500E-8,5.460941E-6,3.493308E-1
6.859561E+1,3.473800E+3,5.460840E-6,1.746240E-8,5.460868E-6,1.832169E-1
6.879664E+1,3.476600E+3,5.460840E-6,4.353960E-8,5.461014E-6,4.568130E-1
6.899665E+1,3.474800E+3,5.460840E-6,6.682280E-8,5.461249E-6,7.010777E-1
6.919562E+1,3.471800E+3,5.460840E-6,5.331840E-8,5.461100E-6,5.594052E-1
6.939569E+1,3.464000E+3,5.460840E-6,3.166520E-8,5.460932E-6,3.322313E-1
6.959562E+1,3.457200E+3,5.460840E-6,2.910390E-8,5.460918E-6,3.053587E-1
6.979562E+1,3.438200E+3,5.460840E-6,3.748600E-8,5.460969E-6,3.933014E-1
6.999558E+1,3.427700E+3,5.460840E-6,5.401690E-8,5.461107E-6,5.667332E-1
7.019564E+1,3.406400E+3,5.460840E-6,5.750940E-8,5.461143E-6,6.033731E-1
7.039664E+1,3.393600E+3,5.460840E-6,9.522820E-8,5.461670E-6,9.990443E-1
7.059561E+1,3.382500E+3,5.460840E-6,4.027990E-8,5.460989E-6,4.226138E-1
7.079562E+1,3.353200E+3,5.460840E-6,3.050100E-8,5.460925E-6,3.200168E-1
7.099562E+1,3.342200E+3,5.460840E-6,4.610070E-8,5.461035E-6,4.836825E-1
7.119662E+1,3.318100E+3,5.460840E-6,7.869720E-8,5.461407E-6,8.256432E-1
7.139662E+1,3.307900E+3,5.460840E-6,4.447090E-8,5.461021E-6,4.665836E-1
7.159560E+1,3.286500E+3,5.460840E-6,5.262000E-8,5.461094E-6,5.520782E-1
7.179561E+1,3.275000E+3,5.460840E-6,8.591500E-8,5.461516E-6,9.013560E-1
7.199560E+1,3.265000E+3,5.460840E-6,4.214260E-8,5.461003E-6,4.421564E-1
7.219562E+1,3.248600E+3,5.460840E-6,6.821980E-8,5.461266E-6,7.157330E-1
7.239558E+1,3.239600E+3,5.460840E-6,2.840550E-8,5.460914E-6,2.980312E-1
7.259564E+1,3.225500E+3,5.456180E-6,5.262000E-8,5.456434E-6,5.525497E-1
7.279562E+1,3.217100E+3,5.427540E-6,6.170060E-8,5.427891E-6,6.513138E-1
7.299663E+1,3.203800E+3,5.408680E-6,3.515770E-8,5.408794E-6,3.724309E-1
7.319572E+1,3.195600E+3,5.416830E-6,5.587960E-9,5.416833E-6,5.910586E-2
7.339563E+1,3.182600E+3,5.354200E-6,2.724130E-8,5.354269E-6,2.915091E-1
7.359562E+1,3.171800E+3,5.347450E-6,1.466840E-8,5.347470E-6,1.571656E-1
7.379559E+1,3.157200E+3,5.245240E-6,9.546100E-8,5.246109E-6,1.042642E+0
7.399562E+1,3.148100E+3,5.287380E-6,4.447090E-8,5.287567E-6,4.818899E-1
7.419567E+1,3.132700E+3,5.232430E-6,5.448260E-8,5.232714E-6,5.965699E-1
7.439662E+1,3.123700E+3,5.209380E-6,5.262000E-8,5.209646E-6,5.787256E-1
7.459561E+1,3.116600E+3,5.149080E-6,1.043090E-7,5.150136E-6,1.160527E+0
7.479662E+1,3.096800E+3,5.163980E-6,4.214260E-8,5.164152E-6,4.675734E-1
7.499567E+1,3.089500E+3,5.151410E-6,2.887110E-8,5.151491E-6,3.211111E-1
7.519562E+1,3.070400E+3,5.134410E-6,2.561150E-8,5.134474E-6,2.858008E-1
7.539562E+1,3.062300E+3,5.075740E-6,7.380780E-8,5.076277E-6,8.330958E-1
7.559662E+1,3.045700E+3,5.075040E-6,3.445920E-8,5.075157E-6,3.890287E-1
7.579562E+1,3.038400E+3,5.018690E-6,7.310930E-8,5.019222E-6,8.345919E-1
7.599665E+1,3.021600E+3,5.068750E-6,1.071030E-8,5.068761E-6,1.210662E-1
7.619566E+1,3.014700E+3,4.998440E-6,7.194510E-8,4.998958E-6,8.246305E-1
7.639662E+1,3.006500E+3,4.987960E-6,6.868550E-8,4.988433E-6,7.889279E-1
7.659561E+1,2.988300E+3,4.900880E-6,9.313270E-8,4.901765E-6,1.088676E+0
7.679562E+1,2.980900E+3,4.946750E-6,3.143240E-8,4.946850E-6,3.640612E-1
7.699558E+1,2.964900E+3,4.855710E-6,1.019800E-7,4.856781E-6,1.203154E+0
7.719564E+1,2.956800E+3,4.872010E-6,6.915120E-8,4.872501E-6,8.131769E-1
7.739561E+1,2.940900E+3,4.834990E-6,9.802220E-8,4.835984E-6,1.161427E+0
7.759562E+1,2.932300E+3,4.868750E-6,5.937200E-8,4.869112E-6,6.986591E-1
7.779561E+1,2.917000E+3,4.846400E-6,6.868550E-8,4.846887E-6,8.119689E-1
7.799562E+1,2.907900E+3,4.864790E-6,3.748600E-8,4.864934E-6,4.414881E-1
7.819567E+1,2.892500E+3,4.851750E-6,4.679920E-8,4.851976E-6,5.526487E-1
7.839561E+1,2.883200E+3,4.799830E-6,8.032700E-8,4.800502E-6,9.587774E-1
7.859566E+1,2.868200E+3,4.788890E-6,4.866180E-8,4.789137E-6,5.821850E-1
7.879562E+1,2.859100E+3,4.796570E-6,2.700850E-8,4.796646E-6,3.226174E-1
7.899662E+1,2.843900E+3,4.761180E-6,4.330670E-8,4.761377E-6,5.211361E-1
7.919566E+1,2.835300E+3,4.693660E-6,9.639230E-8,4.694650E-6,1.176501E+0
7.939562E+1,2.828500E+3,4.696220E-6,7.078100E-8,4.696753E-6,8.634914E-1
7.959562E+1,2.809300E+3,4.657110E-6,9.173570E-8,4.658013E-6,1.128466E+0
7.979562E+1,2.802300E+3,4.651750E-6,8.847610E-8,4.652591E-6,1.089632E+0
7.999563E+1,2.785200E+3,4.689470E-6,2.654280E-8,4.689545E-6,3.242955E-1
8.019564E+1,2.778200E+3,4.634290E-6,6.961680E-8,4.634813E-6,8.606386E-1
8.039660E+1,2.759100E+3,4.674800E-6,3.725320E-9,4.674801E-6,4.565865E-2
8.059562E+1,2.751700E+3,4.621250E-6,4.796330E-8,4.621499E-6,5.946434E-1
8.079558E+1,2.743900E+3,4.638480E-6,2.048920E-8,4.638525E-6,2.530866E-1
8.099561E+1,2.727800E+3,4.543950E-6,7.823160E-8,4.544623E-6,9.863440E-1
8.119561E+1,2.719400E+3,4.557920E-6,5.518110E-8,4.558254E-6,6.936255E-1
8.139662E+1,2.701300E+3,4.521830E-6,7.916290E-8,4.522523E-6,1.002965E+0
8.159560E+1,2.693800E+3,4.496450E-6,8.149120E-8,4.497188E-6,1.038284E+0
8.179561E+1,2.677400E+3,4.486910E-6,8.847610E-8,4.487782E-6,1.129653E+0
8.199558E+1,2.669300E+3,4.524630E-6,4.610070E-8,4.524865E-6,5.837569E-1
8.219560E+1,2.653500E+3,4.458740E-6,8.498360E-8,4.459550E-6,1.091926E+0
8.239562E+1,2.644900E+3,4.481790E-6,5.331840E-8,4.482107E-6,6.815971E-1
8.259664E+1,2.629500E+3,4.489000E-6,2.514580E-8,4.489070E-6,3.209475E-1
8.279562E+1,2.620400E+3,4.466650E-6,3.515770E-8,4.466788E-6,4.509747E-1
8.299561E+1,2.605100E+3,4.410070E-6,8.847610E-8,4.410957E-6,1.149330E+0
8.319566E+1,2.595800E+3,4.408440E-6,7.613610E-8,4.409097E-6,9.894302E-1
8.339563E+1,2.585900E+3,4.448960E-6,2.980250E-8,4.449060E-6,3.838047E-1
8.359561E+1,2.570100E+3,4.429860E-6,3.399350E-8,4.429990E-6,4.396631E-1
8.379558E+1,2.562000E+3,4.362110E-6,9.266710E-8,4.363094E-6,1.216988E+0
8.399561E+1,2.545800E+3,4.392610E-6,3.376070E-8,4.392740E-6,4.403550E-1
8.419559E+1,2.538200E+3,4.358390E-6,6.053640E-8,4.358810E-6,7.957657E-1
8.439560E+1,2.521400E+3,4.300880E-6,9.848780E-8,4.302008E-6,1.311813E+0
8.459567E+1,2.514200E+3,4.294360E-6,1.001180E-7,4.295527E-6,1.335542E+0
8.479562E+1,2.497100E+3,4.314380E-6,5.960510E-8,4.314792E-6,7.915166E-1
8.499559E+1,2.490200E+3,4.299950E-6,7.450630E-8,4.300595E-6,9.926789E-1
8.519558E+1,2.471200E+3,4.271070E-6,6.402890E-8,4.271550E-6,8.588740E-1
8.539659E+1,2.463800E+3,4.189120E-6,1.043090E-7,4.190418E-6,1.426369E+0
8.559559E+1,2.447000E+3,4.215430E-6,5.797510E-8,4.215829E-6,7.879432E-1
8.579561E+1,2.440100E+3,4.159550E-6,9.499540E-8,4.160635E-6,1.308288E+0
8.599561E+1,2.431700E+3,4.169560E-6,7.054810E-8,4.170157E-6,9.693404E-1
8.619562E+1,2.416300E+3,4.175850E-6,2.561150E-8,4.175929E-6,3.514045E-1
8.639560E+1,2.406200E+3,4.117410E-6,6.635720E-8,4.117945E-6,9.233131E-1
8.659562E+1,2.389900E+3,4.087140E-6,6.076930E-8,4.087592E-6,8.518348E-1
8.679563E+1,2.381700E+3,4.104130E-6,2.863830E-8,4.104230E-6,3.997990E-1
8.699662E+1,2.365800E+3,4.036150E-6,8.032700E-8,4.036949E-6,1.140144E+0
8.719561E+1,2.355800E+3,4.010300E-6,9.615950E-8,4.011453E-6,1.373583E+0
8.739562E+1,2.346600E+3,4.043370E-6,3.562330E-8,4.043527E-6,5.047799E-1
8.759561E+1,2.329800E+3,3.940920E-6,9.103720E-8,3.941971E-6,1.323325E+0
8.779669E+1,2.320800E+3,3.976780E-6,3.725310E-8,3.976954E-6,5.367114E-1
8.799560E+1,2.312700E+3,3.953960E-6,3.632180E-8,3.954127E-6,5.263147E-1
8.819670E+1,2.295300E+3,3.882710E-6,8.428510E-8,3.883625E-6,1.243570E+0
8.839564E+1,2.286300E+3,3.844990E-6,9.429690E-8,3.846146E-6,1.404875E+0
8.859560E+1,2.268500E+3,3.840340E-6,4.726480E-8,3.840631E-6,7.051295E-1
8.879561E+1,2.259800E+3,3.765350E-6,9.522820E-8,3.766554E-6,1.448739E+0
8.899559E+1,2.253000E+3,3.778860E-6,5.611240E-8,3.779277E-6,8.507242E-1
8.919561E+1,2.233600E+3,3.743930E-6,2.561150E-8,3.744018E-6,3.919432E-1
8.939659E+1,2.226400E+3,3.697830E-6,4.679920E-8,3.698126E-6,7.250884E-1
8.959563E+1,2.209300E+3,3.704120E-6,-3.958150E-9,3.704122E-6,-6.122512E-2
8.979670E+1,2.199700E+3,3.655690E-6,2.398170E-8,3.655769E-6,3.758608E-1
8.999566E+1,2.192300E+3,3.601440E-6,5.541390E-8,3.601866E-6,8.815174E-1
9.019662E+1,2.173200E+3,3.563250E-6,2.747410E-8,3.563356E-6,4.417649E-1
9.039561E+1,2.166400E+3,3.483160E-6,8.288820E-8,3.484146E-6,1.363201E+0
9.059662E+1,2.147000E+3,3.480130E-6,1.909220E-8,3.480182E-6,3.143249E-1
9.079566E+1,2.139900E+3,3.417970E-6,5.378410E-8,3.418393E-6,9.015140E-1
9.099662E+1,2.131700E+3,3.396080E-6,4.400520E-8,3.396365E-6,7.423769E-1
9.119561E+1,2.113400E+3,3.359760E-6,4.749770E-8,3.360096E-6,8.099497E-1
9.139567E+1,2.106100E+3,3.338810E-6,3.608900E-8,3.339005E-6,6.192826E-1
9.159561E+1,2.087100E+3,3.286650E-6,5.029160E-8,3.287035E-6,8.766591E-1
9.179662E+1,2.079500E+3,3.275940E-6,3.632180E-8,3.276141E-6,6.352377E-1
9.199558E+1,2.063000E+3,3.202130E-6,8.475080E-8,3.203251E-6,1.516094E+0
9.219560E+1,2.055800E+3,3.149050E-6,1.131560E-7,3.151082E-6,2.057945E+0
9.239561E+1,2.046500E+3,3.139970E-6,6.845270E-8,3.140716E-6,1.248875E+0
9.259669E+1,2.031100E+3,3.081760E-6,3.748600E-8,3.081988E-6,6.969017E-1
9.279561E+1,2.021800E+3,3.041710E-6,3.515770E-8,3.041913E-6,6.622256E-1
9.299663E+1,2.006500E+3,2.918310E-6,5.960510E-8,2.918919E-6,1.170077E+0
9.319537E+1,1.995300E+3,2.902710E-6,2.351600E-8,2.902805E-6,4.641656E-1
9.339513E+1,1.980700E+3,2.817960E-6,5.494830E-8,2.818496E-6,1.117087E+0
9.359632E+1,1.971400E+3,2.810280E-6,2.933680E-8,2.810433E-6,5.980948E-1
9.379516E+1,1.956300E+3,2.764410E-6,1.653110E-8,2.764459E-6,3.426232E-1
9.399513E+1,1.947400E+3,2.713420E-6,3.748600E-8,2.713679E-6,7.914930E-1
9.419516E+1,1.932400E+3,2.638450E-6,3.213090E-8,2.638646E-6,6.977104E-1
9.439517E+1,1.924000E+3,2.563250E-6,6.146770E-8,2.563987E-6,1.373711E+0
9.459517E+1,1.908900E+3,2.519710E-6,4.074560E-8,2.520039E-6,9.264350E-1
9.479625E+1,1.901300E+3,2.459640E-6,6.682280E-8,2.460548E-6,1.556213E+0
9.499617E+1,1.886000E+3,2.441940E-6,2.328320E-9,2.441941E-6,5.462987E-2
9.519618E+1,1.879200E+3,2.380240E-6,2.747410E-8,2.380399E-6,6.613115E-1
9.539519E+1,1.872300E+3,2.371860E-6,-4.889470E-9,2.371865E-6,-1.181122E-1
9.559618E+1,1.857600E+3,2.294790E-6,6.984950E-9,2.294801E-6,1.743981E-1
9.579517E+1,1.849200E+3,2.283850E-6,2.561150E-9,2.283851E-6,6.425248E-2
9.599618E+1,1.834400E+3,2.172790E-6,4.749770E-8,2.173309E-6,1.252300E+0
9.619517E+1,1.828000E+3,2.177680E-6,1.280570E-8,2.177718E-6,3.369201E-1
9.639618E+1,1.813800E+3,2.093390E-6,3.352780E-8,2.093658E-6,9.175726E-1
9.659517E+1,1.806900E+3,2.091770E-6,1.024460E-8,2.091795E-6,2.806081E-1
9.679517E+1,1.790700E+3,2.035420E-6,6.286460E-9,2.035430E-6,1.769593E-1
9.699514E+1,1.784700E+3,2.017260E-6,-7.683470E-9,2.017275E-6,-2.182308E-1
9.719513E+1,1.776600E+3,1.967430E-6,2.072200E-8,1.967539E-6,6.034468E-1
9.739516E+1,1.763400E+3,1.906660E-6,3.865010E-8,1.907052E-6,1.161290E+0
9.759517E+1,1.755200E+3,1.880580E-6,2.747410E-8,1.880781E-6,8.369960E-1
9.779517E+1,1.740500E+3,1.806770E-6,5.564680E-8,1.807627E-6,1.764098E+0
9.799521E+1,1.732100E+3,1.817250E-6,1.722960E-8,1.817332E-6,5.432130E-1
9.819518E+1,1.718300E+3,1.744610E-6,6.752120E-9,1.744623E-6,2.217493E-1
9.839618E+1,1.709600E+3,1.685930E-6,3.515770E-8,1.686297E-6,1.194650E+0
9.859517E+1,1.695300E+3,1.610960E-6,3.003540E-8,1.611240E-6,1.068122E+0
9.879517E+1,1.686600E+3,1.565560E-6,2.980250E-8,1.565844E-6,1.090569E+0
9.899618E+1,1.671500E+3,1.538550E-6,-4.889470E-9,1.538558E-6,-1.820838E-1
9.919521E+1,1.663000E+3,1.483600E-6,2.305030E-8,1.483779E-6,8.901177E-1
9.939518E+1,1.653600E+3,1.428660E-6,4.237540E-8,1.429288E-6,1.698949E+0
9.959517E+1,1.636300E+3,1.403280E-6,-2.095490E-9,1.403282E-6,-8.555858E-2
9.979522E+1,1.628900E+3,1.315970E-6,3.073390E-8,1.316329E-6,1.337875E+0
9.999614E+1,1.609100E+3,1.279410E-6,-2.561150E-9,1.279413E-6,-1.146958E-1
1.001952E+2,1.600800E+3,1.196060E-6,4.749770E-8,1.197003E-6,2.274124E+0
1.003952E+2,1.590400E+3,1.163230E-6,3.981430E-8,1.163911E-6,1.960318E+0
1.005952E+2,1.572200E+3,1.130630E-6,1.396990E-9,1.130631E-6,7.079380E-2
1.007962E+2,1.561700E+3,1.081270E-6,2.095490E-8,1.081473E-6,1.110247E+0
1.009952E+2,1.552000E+3,1.042390E-6,2.235190E-8,1.042630E-6,1.228401E+0
1.011951E+2,1.532200E+3,9.452960E-7,5.494830E-8,9.468917E-7,3.326754E+0
1.013952E+2,1.523200E+3,9.269020E-7,4.586790E-8,9.280362E-7,2.832980E+0
1.015962E+2,1.502300E+3,8.898820E-7,-1.071030E-8,8.899465E-7,-6.895581E-1
1.017952E+2,1.493900E+3,8.272510E-7,9.313280E-9,8.273034E-7,6.450148E-1
1.019952E+2,1.483500E+3,8.118840E-7,-2.933680E-8,8.124139E-7,-2.069438E+0
1.021951E+2,1.464100E+3,7.012900E-7,3.282930E-8,7.020580E-7,2.680215E+0
1.023951E+2,1.454000E+3,7.192170E-7,3.026810E-9,7.192234E-7,2.411267E-1
1.025952E+2,1.436400E+3,6.754450E-7,-8.614790E-9,6.754999E-7,-7.307247E-1
1.027962E+2,1.426200E+3,6.530940E-7,-9.080450E-9,6.531571E-7,-7.965744E-1
1.029952E+2,1.408800E+3,5.685760E-7,2.328320E-8,5.690525E-7,2.344953E+0
1.031963E+2,1.398600E+3,5.329530E-7,1.490130E-8,5.331613E-7,1.601566E+0
1.033952E+2,1.381400E+3,5.203800E-7,-2.607710E-8,5.210330E-7,-2.868786E+0
1.035952E+2,1.371400E+3,4.696210E-7,-2.328320E-10,4.696211E-7,-2.840650E-2
1.037952E+2,1.354200E+3,4.286430E-7,1.396990E-8,4.288706E-7,1.866666E+0
1.039952E+2,1.345000E+3,3.818440E-7,3.795160E-8,3.837254E-7,5.676005E+0
1.041952E+2,1.327800E+3,3.892950E-7,-1.117590E-8,3.894554E-7,-1.644398E+0
1.043951E+2,1.319300E+3,3.355110E-7,1.350420E-8,3.357827E-7,2.304891E+0
1.045952E+2,1.311600E+3,3.015180E-7,3.655460E-8,3.037258E-7,6.912531E+0
1.047962E+2,1.291700E+3,2.740430E-7,-4.656650E-10,2.740434E-7,-9.735922E-2
1.049952E+2,1.284600E+3,2.165330E-7,4.260820E-8,2.206853E-7,1.113213E+1
1.051962E+2,1.267500E+3,2.447070E-7,5.587960E-9,2.447708E-7,1.308140E+0
1.053952E+2,1.260600E+3,2.388860E-7,-7.683470E-9,2.390095E-7,-1.842212E+0
1.055951E+2,1.244400E+3,1.522720E-7,2.793980E-9,1.522976E-7,1.051180E+0
1.057951E+2,1.237300E+3,1.175800E-7,1.955790E-8,1.191955E-7,9.443941E+0
1.059951E+2,1.219600E+3,8.987310E-8,-7.217780E-9,9.016247E-8,-4.591615E+0
1.061962E+2,1.213400E+3,4.749770E-8,1.629820E-9,4.752565E-8,1.965257E+0
1.063952E+2,1.205100E+3,7.497190E-8,-4.516940E-8,8.752748E-8,-3.106831E+1
1.065952E+2,1.191900E+3,3.795160E-8,-2.235190E-8,4.404465E-8,-3.049630E+1
1.067962E+2,1.183600E+3,5.401690E-8,-5.750940E-8,7.889966E-8,-4.679366E+1
1.069952E+2,1.169400E+3,-3.725320E-9,-4.004710E-8,4.022000E-8,-9.531456E+1
1.071952E+2,1.161800E+3,-3.725320E-9,-5.122300E-8,5.135829E-8,-9.415966E+1
1.073952E+2,1.149200E+3,-2.374880E-8,-3.678750E-8,4.378728E-8,-1.228450E+2
1.075962E+2,1.141400E+3,-7.753310E-8,-2.793980E-9,7.758343E-8,-1.779362E+2
1.077951E+2,1.129200E+3,-6.076930E-8,-3.585610E-8,7.055897E-8,-1.494578E+2
1.079951E+2,1.121400E+3,-5.937200E-8,-4.563500E-8,7.488383E-8,-1.424531E+2
1.081952E+2,1.115800E+3,-1.045410E-7,-4.656640E-9,1.046447E-7,-1.774495E+2
1.083951E+2,1.100600E+3,-1.061710E-7,-2.584430E-8,1.092713E-7,-1.663191E+2
1.085952E+2,1.094200E+3,-1.429590E-7,7.450640E-9,1.431530E-7,1.770166E+2
1.087952E+2,1.080100E+3,-1.462190E-7,-1.420270E-8,1.469072E-7,-1.744521E+2
1.089952E+2,1.072900E+3,-1.708990E-7,1.629820E-9,1.709068E-7,1.794536E+2
1.091962E+2,1.060300E+3,-1.725280E-7,-1.303860E-8,1.730200E-7,-1.756782E+2
1.093952E+2,1.053700E+3,-2.167660E-7,2.305030E-8,2.179881E-7,1.739301E+2
1.095952E+2,1.040600E+3,-1.932500E-7,-3.469200E-8,1.963392E-7,-1.698227E+2
1.097961E+2,1.034600E+3,-2.563480E-7,8.614790E-9,2.564927E-7,1.780753E+2
1.099962E+2,1.028700E+3,-2.377210E-7,-2.933680E-8,2.395244E-7,-1.729648E+2
1.101952E+2,1.015400E+3,-2.868490E-7,1.373710E-8,2.871777E-7,1.772582E+2
1.103952E+2,1.008900E+3,-2.975590E-7,8.614790E-9,2.976837E-7,1.783417E+2
1.105952E+2,9.938000E+2,-3.459880E-7,3.166520E-8,3.474340E-7,1.747708E+2
1.107962E+2,9.881000E+2,-3.352780E-7,2.328320E-9,3.352861E-7,1.796021E+2
1.109952E+2,9.743000E+2,-3.671760E-7,1.420270E-8,3.674506E-7,1.777849E+2
1.111963E+2,9.679000E+2,-3.871990E-7,2.561150E-8,3.880451E-7,1.762157E+2
1.113952E+2,9.522000E+2,-3.753250E-7,3.958150E-9,3.753459E-7,1.793958E+2
1.115962E+2,9.464000E+2,-3.757900E-7,-2.491300E-8,3.766149E-7,-1.762071E+2
1.117952E+2,9.366000E+2,-3.941840E-7,-4.074560E-8,3.962843E-7,-1.740985E+2
1.119952E+2,9.240000E+2,-4.135090E-7,-3.958140E-8,4.153991E-7,-1.745323E+2
1.121962E+2,9.161000E+2,-4.293420E-7,-3.050100E-8,4.304241E-7,-1.759365E+2
1.123952E+2,9.033000E+2,-4.842910E-7,8.614790E-9,4.843676E-7,1.789809E+2
1.125952E+2,8.955000E+2,-4.440100E-7,-3.003540E-8,4.450247E-7,-1.761301E+2
1.127952E+2,8.898000E+2,-4.672930E-7,-2.793980E-9,4.673014E-7,-1.796574E+2
1.129952E+2,8.735000E+2,-4.624030E-7,-1.396990E-9,4.624051E-7,-1.798269E+2
1.131962E+2,8.672000E+2,-4.686900E-7,2.328320E-9,4.686958E-7,1.797154E+2
1.133952E+2,8.519000E+2,-4.933720E-7,6.984950E-9,4.934214E-7,1.791889E+2
1.135952E+2,8.448000E+2,-4.973300E-7,-1.001180E-8,4.974308E-7,-1.788467E+2
1.137951E+2,8.370000E+2,-5.408690E-7,2.607710E-8,5.414973E-7,1.772397E+2
1.139952E+2,8.227000E+2,-5.392390E-7,1.862660E-9,5.392422E-7,1.798021E+2
1.141952E+2,8.147000E+2,-5.771910E-7,2.095490E-8,5.775713E-7,1.779208E+2
1.143961E+2,8.010000E+2,-5.809160E-7,1.164160E-9,5.809172E-7,1.798852E+2
1.145952E+2,7.948000E+2,-6.281810E-7,3.841730E-8,6.293546E-7,1.765004E+2
1.147952E+2,7.887000E+2,-6.014050E-7,-8.381960E-9,6.014634E-7,-1.792015E+2
1.149952E+2,7.751000E+2,-6.586820E-7,2.677560E-8,6.592260E-7,1.776722E+2
1.151962E+2,7.611000E+2,-6.454100E-7,-2.887110E-8,6.460554E-7,-1.774387E+2
1.153952E+2,7.556000E+2,-6.458760E-7,-3.562330E-8,6.468577E-7,-1.768431E+2
1.155962E+2,7.476000E+2,-6.821970E-7,-5.820790E-9,6.822218E-7,-1.795111E+2
1.157952E+2,7.341000E+2,-7.159580E-7,-5.587960E-9,7.159798E-7,-1.795528E+2
1.159963E+2,7.278000E+2,-7.352830E-7,5.122300E-9,7.353008E-7,1.796009E+2
1.161963E+2,7.126000E+2,-7.594970E-7,-2.561150E-8,7.599287E-7,-1.780686E+2
1.163962E+2,7.072000E+2,-7.769590E-7,-1.769520E-8,7.771605E-7,-1.786953E+2
1.165952E+2,6.996000E+2,-7.783560E-7,-2.421450E-8,7.787326E-7,-1.782181E+2
1.167951E+2,6.861000E+2,-7.962840E-7,-3.073390E-8,7.968769E-7,-1.777897E+2
1.169952E+2,6.794000E+2,-7.792880E-7,-5.238710E-8,7.810469E-7,-1.761541E+2
1.171952E+2,6.676000E+2,-8.051320E-7,-5.518110E-8,8.070208E-7,-1.760793E+2
1.173952E+2,6.596000E+2,-8.232930E-7,-4.610070E-8,8.245827E-7,-1.767950E+2
1.175962E+2,6.478000E+2,-8.519310E-7,-2.281750E-8,8.522365E-7,-1.784658E+2
1.177952E+2,6.409000E+2,-8.416860E-7,-3.865010E-8,8.425729E-7,-1.773708E+2
1.179962E+2,6.338000E+2,-8.733510E-7,-3.469200E-8,8.740398E-7,-1.777252E+2
1.181952E+2,6.207000E+2,-9.399410E-7,1.001180E-8,9.399943E-7,1.793897E+2
1.183952E+2,6.131000E+2,-9.595020E-7,8.614790E-9,9.595407E-7,1.794856E+2
1.185952E+2,6.007000E+2,-9.588040E-7,-2.677560E-8,9.591778E-7,-1.784004E+2
1.187952E+2,5.946000E+2,-1.009330E-6,1.513410E-8,1.009443E-6,1.791410E+2
1.189952E+2,5.818000E+2,-1.010960E-6,-2.770700E-8,1.011340E-6,-1.784301E+2
1.191962E+2,5.763000E+2,-1.069170E-6,1.187440E-8,1.069236E-6,1.793637E+2
1.193952E+2,5.703000E+2,-1.049140E-6,-3.050100E-8,1.049583E-6,-1.783347E+2
1.195962E+2,5.556000E+2,-1.089890E-6,-2.048920E-8,1.090083E-6,-1.789230E+2
1.197952E+2,5.501000E+2,-1.086630E-6,-4.097840E-8,1.087402E-6,-1.778403E+2
1.199952E+2,5.369000E+2,-1.158810E-6,1.513410E-8,1.158909E-6,1.792518E+2
1.201952E+2,5.311000E+2,-1.145300E-6,-4.889470E-9,1.145310E-6,-1.797554E+2
1.203961E+2,5.183000E+2,-1.165320E-6,-8.847620E-9,1.165354E-6,-1.795650E+2
1.205952E+2,5.118000E+2,-1.220970E-6,3.865010E-8,1.221582E-6,1.781869E+2
1.207962E+2,5.034000E+2,-1.232380E-6,3.003540E-8,1.232746E-6,1.786039E+2
1.209957E+2,4.917000E+2,-1.244950E-6,1.234010E-8,1.245011E-6,1.794321E+2
1.211952E+2,4.845000E+2,-1.308750E-6,5.355130E-8,1.309845E-6,1.776569E+2
1.213959E+2,4.551000E+2,-1.346930E-6,-5.587960E-9,1.346942E-6,-1.797623E+2
1.215953E+2,4.383000E+2,-1.401650E-6,3.492470E-9,1.401654E-6,1.798572E+2
1.217957E+2,4.194000E+2,-1.470330E-6,9.080450E-9,1.470358E-6,1.796462E+2
1.219953E+2,3.716000E+2,-1.582790E-6,-2.118770E-8,1.582932E-6,-1.792331E+2
1.221953E+2,3.496000E+2,-1.670100E-6,-2.235190E-8,1.670250E-6,-1.792332E+2
1.223955E+2,3.009000E+2,-1.878250E-6,2.933680E-8,1.878479E-6,1.791052E+2
1.225963E+2,2.760000E+2,-1.958590E-6,6.752120E-9,1.958602E-6,1.798025E+2
1.227957E+2,2.230000E+2,-2.173950E-6,1.816090E-8,2.174026E-6,1.795214E+2
1.229953E+2,1.894000E+2,-2.339030E-6,5.262000E-8,2.339622E-6,1.787113E+2
1.231962E+2,1.605000E+2,-2.426340E-6,2.305030E-8,2.426449E-6,1.794557E+2
1.233952E+2,1.050000E+2,-2.670580E-6,1.746240E-8,2.670637E-6,1.796254E+2
1.235959E+2,7.520000E+1,-2.811680E-6,3.562330E-8,2.811906E-6,1.792741E+2
1.237952E+2,1.870000E+1,-2.573260E-6,3.795160E-8,2.573540E-6,1.791550E+2
1.239963E+2,-1.100000E+1,-1.699670E-6,4.959320E-8,1.700393E-6,1.783287E+2
1.241952E+2,-7.370000E+1,2.735780E-7,1.816090E-8,2.741801E-7,3.797888E+0
1.243961E+2,-1.032000E+2,1.018410E-6,3.445920E-8,1.018993E-6,1.937936E+0
1.245961E+2,-1.583000E+2,1.880810E-6,1.350420E-8,1.880858E-6,4.113762E-1
1.247959E+2,-1.871000E+2,2.137170E-6,-2.188620E-8,2.137282E-6,-5.867306E-1
1.249963E+2,-2.405000E+2,2.361850E-6,-2.468020E-8,2.361979E-6,-5.986916E-1
1.251961E+2,-2.678000E+2,2.315050E-6,2.444730E-8,2.315179E-6,6.050302E-1
1.253956E+2,-3.188000E+2,2.256380E-6,-3.003540E-8,2.256580E-6,-7.626375E-1
1.255959E+2,-3.439000E+2,2.200960E-6,-3.702030E-8,2.201271E-6,-9.636281E-1
1.257953E+2,-3.924000E+2,2.017260E-6,-2.048920E-8,2.017364E-6,-5.819301E-1
